id,title
nodec32aad832350e6aab79981cc1728ba_<http://www.imdb.com/title/tt1376452/>,Stand
nodefbbfb8b1cc26e627452bb4d9e4eca14c_<http://www.nytimes.com/movies/movie/212229/Stand-By/overview>,Stand-By
node4fb446ccb8df9e5c58b74e2d8f2eba7_<http://www.watchfreemovies.ch/watch-tv-shows/1994/watch-the-stand-187327/>,The Stand
node384c9be2d6e2e3ea74f562bd95aaac74_<http://www.themoviedb.org/movie/13519-the-stand>,The Stand
node822d40ac775f56f095b95449a13cea2c_<http://www.hollywood.com/movies/6866275/the-stand>,The Stand
node8d2654be5147bc5ba8ba5eb0b04e82_<http://www.hollywood.com/movies/6866275/the-stand>,The Stand
node344aa8488c351e27e75bc97b718e48_<http://www.allocine.fr/film/fichefilm_gen_cfilm=25483.html>,Stand-by
nodefc333d8f5eeeec6f567d6bd657d8846_<http://www.movieposterdb.com/movie/0108941/The-Stand.html>,"""The Stand"""
node3b702a2d209ab5b2b2b7a0fd2d7bbaa_<http://www.imdb.com/title/tt0234793/>,The Stand-In
nodec9dcdd65d57f8e34a62fe25ab3bfe_<http://www.apunkachoice.com/titles/sta/stand-by/mid_37697/>,Stand By
node71c8f5bb323649e646ed4e86fa15ecc_<http://www.imdb.com/title/tt0029605/>,Stand-In
node9722d614134ee26ab15a8bff9e9ef35_<http://www.movieweb.com/movie/the-stand>,The Stand
nodee39bc461348f3e545eec15a9c3ea79_<http://www.imdb.com/title/tt1831804/>,The Stand
node5952d4fc7ee9a75922656d6a091946c_<http://www.ovguide.com/stand-by-9202a8c04000641f800000001e4b85d8>,Stand By
nodedc59909095cf55650f2461ffc2fcd2b_<http://www.imdb.com/title/tt0486611/>,The Last Stand
node7262a8639d1633141ebfbac786e08ad1_<http://www.imdb.com/title/tt0486611/>,The Last Stand
nodef7f5b04bb78eb984bf2fc63a018213c_<http://www.redbox.com/movies/stand-off>,Stand Off
node34798f93c894251cafd6f0e8438ca_<http://www.fandango.com/thelaststand_147741/movietimes?date=6/17/2007>,The Last Stand
node7184e0428e87c5921f51a32952bddd_<http://www.fandango.com/thelaststand_147741/criticreviews?date=1/29/2013>,The Last Stand
node476433746fd0575ca25a9bad1570cc51_<http://www.fandango.com/thelaststand_147741/moviereviews?sort=5&date=1%2F21%2F2013>,The Last Stand
node2d158a8a7738aeac5ae1aac105ac542_<http://www.fandango.com/thelaststand_147741/moviereviews?date=2/4/2013>,The Last Stand
nodea2c8f36797e2aedbd965e1d1bbe9f4d_<http://www.fandango.com/thelaststand_147741/movieoverview?date=1/7/2013>,The Last Stand
nodeda61944e474c2584de14e96338755555_<http://www.fandango.com/thelaststand_147741/moviereviews?sort=5&date=1%2F25%2F2013>,The Last Stand
nodef7a21fcc4e939ac0417c9754f326555_<http://www.fandango.com/thelaststand_147741/moviereviews?sort=5&date=01%2F26%2F2013&pn=4>,The Last Stand
node157fd499452d23a3834857d6560d79_<http://www.fandango.com/movie-photos/thelaststand_147741?pn=4&ImageId=280815>,The Last Stand
noded9bbf278308d2c4d22f47fbc13d22ce8_<http://www.fandango.com/movie-photos/thelaststand_147741?date=4/27/2013>,The Last Stand
node2d3d95da22eb437eed18d0f88b722cc_<http://www.fandango.com/movie-photos/thelaststand_147741?date=2/21/2013>,The Last Stand
node40258950a1dcfba24228d1405c5a6476_<http://www.apunkachoice.com/titles/the/the-last-stand/mid_37964/photos/mopho_37964_2/photo.html>,The Last Stand
nodefcb337e2076e6064c5bf9d36fd78b_<http://www.apunkachoice.com/titles/the/the-last-stand/mid_37964/photos/mopho_37964_6/photo.html>,The Last Stand
nodeaf92c11f76aff1f0c64195995ac73f_<http://www.bigscreen.com/NowShowing.php?movie=53159&showdate=2013-01-25>,The Last Stand
node4e2c9c74ebfd3ad54856be51262ebb_<http://xfinitytv.comcast.net/watch/Stand-and-Deliver/9018674937037676112/movies>,Stand and Deliver
node16872a1f108ba41bafbbf329d242c6e4_<http://bigscreen.com/NowShowing.php?movie=12051&view=info>,Stand By Me
node624dd9d33011944af7b5f65bed28cf89_<http://www.nytimes.com/movies/movie/462432/Stand-Off/overview>,Stand Off
nodeddfc06b87b2e76e1c5a3f465378c4b_<http://www.metacritic.com/movie/the-last-stand?recent-sort=userscore&user_review_id=3137491>,The Last Stand
node12354c32bd51ff1c4dc2bab97a91610_<http://thecia.com.au/reviews/l/last_stand_the/>,The Last Stand
"nodee5f1ece2e69d3bd94e24df627e6b386_<http://www.gamona.de/kino-dvd/the-last-stand,filmkritik-pc:article,2217216.html>",The Last Stand
node91a5853b83361ef2a87c6f4e25558e_<http://www.fulltv.com.ar/peliculas/con-ganas-de-triunfar.html>,Stand and Deliver
node7761a629c142fcb26785261a41afd97a_<http://www.fandango.com/thelaststand_147741/moviereviews?date=10/21/2012>,The Last Stand
node401b44edae90c42927a91464447d7334_<http://www.fandango.com/thelaststand_147741/movietimes?date=4/19/2013>,The Last Stand
node694fa95a4429f2aee1b9cfa43cd9ea4_<http://www.fandango.com/thelaststand_147741/moviereviews?sort=3&date=11%2F30%2F2012&pn=6>,The Last Stand
nodeb86f9572e3d908fb86fc434a1544c3_<http://www.fandango.com/thelaststand_147741/movieoverview?date=10/1/2010>,The Last Stand
node7434836d935e645d8d2850e288426d85_<http://www.the-numbers.com/movie/Stand-Off>,Stand Off
nodef1257ee93071a460a3ebfd7e72aff95c_<http://www.movieweb.com/movie/the-last-stand/PGr7B7uq14oEtA/trPuuum7xxWxTAC>,The Last Stand
node4690a3e55d2f29d077f8918462f90a3_<http://www.metacritic.com/movie/the-last-stand?recent-sort=userscore&user_review_id=2914290>,The Last Stand
node9bbc55b9d248c5ce156b362ad8f8e_<http://www.metacritic.com/movie/the-last-stand?user_review_id=2910203>,The Last Stand
nodea78a5aa5c948f72aaf88c5d99ead11f_<http://www.bigscreen.com/NowShowing.php?movie=53159&showdate=2013-01-17>,The Last Stand
node7b9ab25c323158d6ab7657e40f78645_<http://www.bigscreen.com/NowShowing.php?movie=53159&showdate=2013-02-07>,The Last Stand
node7ed18450a6e620351ff3ee3cf2922611_<http://www.bcdb.com/cartoon/36594-Stand_By_Me>,Stand By Me
node32389753bb15b1ab7e8de69529dc8_<http://www.radiotimes.com/film/pxk2n/last-stand>,Last Stand
node98d7488db22fbc4fe0b6ab1115a10bb_<http://www.watchfreemovies.ch/watch-movies/1988/watch-stand-and-deliver-102542/>,Stand and Deliver
nodea50e026273be6981eeab8787d765eeb_<http://www.themoviedb.org/movie/98399-stand-by-for-action>,Stand by for Action
"noded9df9fa6e69167793ef32229c15018b_<http://www.cinema.de/film/last-stand,4713096.html>",LAST STAND
"nodebf0a7df87212c1a19fddae88707faf_<http://www.cinema.de/film/last-stand,4713096.html>",LAST STAND
node2f81263fba22695dd2c4e236d1b4d485_<http://www.ovguide.com/the-last-stand-9202a8c04000641f800000001e92c7a3>,The Last Stand
nodeefce2ee42a97e1cd5a21848e2eaf31_<http://www.ovguide.com/stand-by-me-9202a8c04000641f8000000000098a2c>,Stand by Me
node5e6b3ff9d8a17419aab7613515d71bc_<http://www.watchfreemovies.ch/watch-movies/1986/watch-stand-by-me-102384/>,Stand by Me
node932675951cc05ab487e737ab83cade85_<http://goodmovieslist.com/best-movies/best-movies-of-1980-1989.html>,Stand by Me
node2b4ac4eb2a0f79a3fc070ec91f84f34_<http://www.broadwayworld.com/bwwmovies/movieinfo.cfm?page=logo&article=THE-LAST-STAND>,THE LAST STAND
node9177a142fb6d1f27ad1ea5d6d7dedea_<http://www.fulltv.com.ar/peliculas/lecciones-inolvidables.html>,Stand and Deliver
noded9b28024e982c06f711460bd6157a1a4_<http://www.fandango.com/thelaststand_147741/plotsummary>,The Last Stand
node962b6cd613885c69c115a9d08204168_<http://www.fandango.com/thelaststand_147741/moviereviews?sort=3&pn=6>,The Last Stand
nodec722e658f15e949762b9de171b2f2c6a_<http://www.fandango.com/thelaststand_147741/plotsummary>,The Last Stand
node1abdd72ea66524d0eb41551cbe0558c_<http://www.fandango.com/thelaststand_147741/plotsummary>,The Last Stand
node7c202bfd1c50679bdf163aca1568930_<http://www.fandango.com/thelaststand_147741/plotsummary>,The Last Stand
node6e70571f473c59410d19525dd31672_<http://www.fandango.com/thelaststand_147741/plotsummary>,The Last Stand
node72fec3f5c7a853a31aaf1238ac98ae3_<http://www.fandango.com/thelaststand_147741/plotsummary>,The Last Stand
noded31e48fedea3b9f1b1a7f8d56f56d121_<http://www.fandango.com/thelaststand_147741/moviereviews?pn=3&date=12%2F15%2F2012>,The Last Stand
node1b5a287c4022d06eef266cd6d33cb1c_<http://www.fandango.com/thelaststand_147741/plotsummary>,The Last Stand
node43ee490f0231be14248f9ca42782411_<http://parentpreviews.com/movie-reviews/review/last-stand>,The Last Stand
nodea186ccd2740c546ee62e2e8983a24d_<http://bigscreen.com/NowShowing.php?movie=12051&view=media>,Stand By Me
node6e2d95c6488672bc9031c86d25b258a_<http://www.fandango.com/thelaststand_147741/moviereviews?date=3/6/2013>,The Last Stand
node83ebe551f5e5c67749ab31f27ff2e5f7_<http://www.metacritic.com/movie/last-stand?recent-sort=userscore&user_review_id=3176386>,The Last Stand
node64754facdb59252b41d6d219c32cf8a_<http://www.metacritic.com/movie/the-last-stand?recent-sort=userscore&user_review_id=3121793>,The Last Stand
node6ad4ba71e4d65f38a62e1745cb38f8_<http://shotonwhat.com/cameras/arri-alexa-plus-camera>,The Last Stand
node9b3203a0a4f786f0b39694fe9f3a7a_<http://bigscreen.com/NowShowing.php?movie=12051&view=sched>,Stand By Me
nodef9f3b6a59a67eb5daea8922c5fd23325_<http://xfinitytv.comcast.net/watch/The-Last-Stand/6567241950448941112/movies>,The Last Stand
noded5644a771fb7413c3e7cf9e69d1dda_<http://www.filmai.in/11701-stand-by-me-1986.html>,Stand by Me
nodec08c74e087d46cdb56c375d1c96c6230_<http://www.fandango.com/thelaststand_147741/criticreviews?date=4/21/2010>,The Last Stand
node9efb5dd56dbf367f9941f9c3241f246c_<http://www.movieposterdb.com/movie/0094027/Stand-and-Deliver.html>,Stand and Deliver
nodee86c8b3e26b61cd9e109f7fcc5b2092_<http://www.metacritic.com/movie/the-last-stand?recent-sort=userscore&user_review_id=2908527>,The Last Stand
node1bb6b1609da83a2144fc2448f197d79_<http://www.metacritic.com/movie/the-last-stand?user_review_id=2908527>,The Last Stand
nodef96321b01498f8d3a8ae35b76d1567_<http://www.movieposterdb.com/poster/3c41de01>,The Last Stand
nodea85f97ea0f977588bd54a3bc6fde878_<http://www.imdb.com/title/tt1736050/>,The Stand Up
node29523953cbdc2ddb76f14d80272894b8_<http://www.bigscreen.com/NowShowing.php?movie=53159&showdate=2013-02-17>,The Last Stand
noded4cb78b0123af4ba5b7013ebf73fada0_<http://ok.com/movies/119717/The-Last-Stand>,The Last Stand
node41257255eb987ddef9a85c8a16e45a9_<http://www.bigscreen.com/NowShowing.php?movie=53159&view=sched>,The Last Stand
node8af7d19f8a91a6e326ad26707b42d1e4_<http://www.bigscreen.com/NowShowing.php?movie=155569&view=photos>,Stand Off
node66a67d6fe1053753b392501efdf79e_<http://www.bigscreen.com/NowShowing.php?movie=155569&view=sched>,Stand Off
nodea9cdf77f7dbf5d2fdfbafdf1d2ac52da_<http://www.fulltvfilms.com/stand-up.html>,Stand Up
nodee81e87c416c551b3a4812ade6b75f58_<http://www.imdb.com/title/tt0025857/>,Take the Stand
nodee8115935ea7f11cb7ad1107739acb899_<http://www.movieposterdb.com/poster/3b8f1936>,The Last Stand
nodeec289c58432d8129b03f8d5f1f52a688_<http://www.movieposterdb.com/poster/3dd135f6>,The Last Stand
node94c4307c8e6c7e9fef8990447945b0dc_<http://www.movieposterdb.com/poster/38937745>,The Last Stand
node403fbb1944193983cec6b3f8e2ce7ea_<http://www.movieposterdb.com/poster/3229e25b>,The Last Stand
node7ac2345630cb5f22d0d2ca72e2256b29_<http://www.movieposterdb.com/poster/32778a88>,The Last Stand
node40fff76259e03110aacc626026e368c2_<http://www.movieposterdb.com/poster/bf71e07f>,The Last Stand
node2b5c82f9496712fce7752c29a5623ed7_<http://www.movieposterdb.com/poster/1c7020be>,The Last Stand
node7e9333fa7830b71524e74b5a87f919_<http://www.movieposterdb.com/poster/0c135402>,The Last Stand
node152af1b9272141c5f26141dd375a11_<http://www.movieposterdb.com/poster/ce6f6d7a>,The Last Stand
noded82b52c7dc3a3c6e386dbdfc67a891_<http://www.movieposterdb.com/poster/1ee1a9c1>,The Last Stand
node9fbcbd1efbcb907af3d635d736e27d_<http://www.movieposterdb.com/poster/3a8fad29>,The Last Stand
noded176861f643777c5a0db4561ec29136f_<http://www.nytimes.com/movies/movie/460936/The-Last-Stand/overview>,The Last Stand
node875fad29a4814802cd87ebf5e89c39c_<http://musicmazaa.com/telugu/lyrics/read/movie/Namo+Venkatesa/Namo+Venkatesa.html>,Namo Venkatesa
node7b99ffffae05ebd18d8186f43e8c17_<http://www.apunkachoice.com/titles/nam/namo-venkatesa/mid_34587/>,Namo Venkatesa
noded513ddea839b697fe9cdc679839d4f13_<http://musicmazaa.com/telugu/audiosongs/movie/Namo+Venkatesa.html>,Namo Venkatesa
node994d64f8498a1f7d3ddc0f523934c92_<http://musicmazaa.com/tamil/devotionalsongs/album/Namo+Namo+Venkatesa.html>,Namo Namo Venkatesa
nodeab69c77799fc4caf1bd371a61aa74cc4_<http://www.imdb.com/title/tt0315411/>,Claustrophobia
nodec3cec7cae7bd841e3de882eb144dcca_<http://www.allocine.fr/film/fichefilm_gen_cfilm=144347.html>,Claustrophobia
nodeb64ac581d16f457269a259274d71a6_<http://www.imdb.com/title/tt0315411/?ref_=nm_flmg_act_49>,Claustrophobia
node8946daadc451c26d5637ee2036964a54_<http://www.virtual-history.com/movie/film/6605/reuben-reuben>,"Reuben, Reuben"
nodec594ddc9c9593870e51ce6336f26e2c_<http://www.imdb.com/title/tt0084591/?ref_=tt_rec_tti>,"Reuben, Reuben"
node21fbf3672f5fbdfe43caf6f5548ec5b_<http://www.imdb.com/title/tt0084591/externalsites>,"Reuben, Reuben (1983)"
node6f8be76cf18361c74167b99bb8f867_<http://vodly.to/watch-457560-Suburban-Secrets>,Suburban Secrets
node2b83e1db198de7c74af6b6ad12b46e_<http://www.imdb.com/title/tt0406951/>,Suburban Secrets
node113b54a09776a8bba97d8134fcec31e_<http://www.hotmovies.com/video/137530/Suburban-Secrets-Episode-5/>,Suburban Secrets Episode 5
,
node6af533f58cf4b7c6fe743191dda26f_<http://www.bcdb.com/cartoons/Other_Studios/C/CBS_Productions/The_Hector_Heathcote_Show/Hector_Heathcote/index.html>,Valley Forge Hero
node86e1b59c647b546f9efebac2d41b65_<http://www.imdb.com/title/tt0027690/>,The Gorgeous Hussy
nodefdf5bc2ca2682ede6d0bc375b15bdf5_<http://www.nytimes.com/movies/movie/20387/The-Gorgeous-Hussy/overview>,The Gorgeous Hussy
nodec7d878ef592d93e1a0132abbcec398_<http://www.hollywood.com/movies/5055593/the-gorgeous-hussy>,The Gorgeous Hussy
node39a7c94c76430b8f46c26250414bc9_<http://www.movieposterdb.com/movie/0027690/The-Gorgeous-Hussy.html>,The Gorgeous Hussy
node602c11e99f618f842788dddea3a1e22c_<http://www.themoviedb.org/movie/112284-the-gorgeous-hussy>,The Gorgeous Hussy
node5a9c7c7b19d68dd389e41c46710ce_<http://www.movieposterdb.com/movie/0039286/Crossfire.html>,Crossfire
nodeae14b0bfeaafafa11094e4c21299936c_<http://www.movieposterdb.com/movie/0039286/Crossfire.html>,Crossfire
nodefc4bbaa140e6c96bbb24024b91de5_<http://www.movieposterdb.com/movie/0039286/Crossfire.html>,Crossfire
nodec671379fb73bd1995c7f5046e72cce5a_<http://www.movieposterdb.com/movie/0039286/Crossfire.html>,Crossfire
nodeda661a9eac99b17827bd473f05ec1a_<http://www.movieposterdb.com/movie/0039286/Crossfire.html>,Crossfire
node8216f98b6969a784c818b6b3cc982a_<http://www.movieposterdb.com/poster/fe610e45>,Crossfire
nodece88e3f851deccc81755d6a64196d33e_<http://www.movieposterdb.com/poster/241c8ef9>,Crossfire
node8d1e9ade81f35651709c8f86239b8e41_<http://www.movieposterdb.com/poster/bab2cd1e>,Crossfire
node752a29d48c447c22a48eab3cf1ca4edf_<http://www.movieposterdb.com/poster/1b92b9c6>,Crossfire
node62ea7f882c76d14c24e73647187ebd_<http://www.movieposterdb.com/poster/0a8f6030>,"""Crossfire"""
nodeedfa4376d1c9ab73e8bed38fc555396_<http://www.movieposterdb.com/poster/828b83cb>,Crossfire
node90ada37718dd94cc2612d632b3f5d362_<http://www.movieposterdb.com/poster/55d4ba87>,Crossfire
nodec0552769f09748eab92d6e2c88da82cd_<http://www.zap2it.com/movie/crossfire/MV000053050000?aid=zap2it>,Crossfire
node60ecc7311ab6195b5305be0b32bb653_<http://www.movieposterdb.com/poster/f26f80ab>,Crossfire
nodec9d64a9261c872126eae5801552c6a_<http://www.movieposterdb.com/poster/de313980>,Crossfire
node3f217cf1cd86df79dd3f324db4e6ee35_<http://www.movieposterdb.com/poster/cfda289d>,Crossfire
node7c2c882b412ff2889adc79e58bcc748_<http://www.movieposterdb.com/poster/bd52e766>,Crossfire
node43e46dbae13da8cc1ae32130f634bfff_<http://www.movieposterdb.com/poster/e41455de>,Crossfire
node42547e8cb6bf8a79b6f81daa52c4a88f_<http://www.nytimes.com/movies/movie/124723/Crossfire/overview>,Crossfire
node4638fd12c15647672fc7664f8b9f8d1_<http://www.movieposterdb.com/movie/2091270/Crossfire.html>,Crossfire
node6bda0e292173bd650cdafa7440ef8c_<http://www.movieposterdb.com/poster/6b62e8b5>,Crossfire
nodef163326638b79a72daa8bdafb075c1f6_<http://www.movieposterdb.com/poster/24c9a1a3>,Crossfire
node4931daa59fd641398aa5d3746d90686_<http://www.movieposterdb.com/poster/6c912820>,Crossfire
nodedcc3cdbbfc9f9367cadbb8261c5e059_<http://www.movieposterdb.com/movie/0140732/Crossfire.html>,"""Crossfire"""
node83c21285d05377cc571c5ad8c2ad69_<http://www.movieposterdb.com/poster/f6d05a2a>,Crossfire
node1478905d731be27dd53589d7a9a0c2a2_<http://www.movieposterdb.com/poster/8c2fd932>,Crossfire
node7874bbe1abfc082a64976479d7b2e67_<http://www.movieposterdb.com/poster/5aca4885>,Crossfire
nodebc7bf3fe1dbc7c48c6b014c680aff0_<http://www.movieposterdb.com/poster/e72d18f2>,Crossfire
node82d4d1d293a43ec3770ade2d07dd8a3_<http://www.movieposterdb.com/poster/ab5ae547>,Crossfire
node8c2748dc8a80808a9c17677a1aac379_<http://www.movieposterdb.com/poster/151f6110>,Crossfire
node4a8059265fd3ee8ff76396d2ff359a_<http://www.movieposterdb.com/poster/fe610e45/>,Crossfire
node53bf6d8b131b1f258921c4e75f812985_<http://oldyounglesbianlove.com/scene/500319/Golden+Crossfire>,Golden Crossfire
noded4cc1944794cfdcd27c196d3cc43438_<http://www.zap2it.com/movie/crossfire-hurricane/MV004154720000?aid=zap2it>,Crossfire Hurricane
nodecfa240e387d6677d3e2980e44523748_<http://www.traileraddict.com/crossfire-hurricane>,Crossfire Hurricane
node77e846b59778562f698ace806b28a5e_<http://www.traileraddict.com/crossfire-hurricane>,Crossfire Hurricane
node8ecdbbecb4e766b9b9ddd1aa50eb97_<http://www.traileraddict.com/crossfire-hurricane>,Crossfire Hurricane
nodee713563f603cbc175f9af3f3cc54da_<http://www.traileraddict.com/caught-in-the-crossfire/trailer>,Caught in the Crossfire
node7c49d8d6b8fdfc239fcea3b2b25bd28_<http://www.imdb.com/title/tt0211323/companycredits>,Crossfire (1998)
nodef73b59f28ce35ebbc25bc8df5e206d29_<http://www.bigscreen.com/NowShowing.php?movie=141918>,Crossfire Hurricane
noded141e8e4d73e40d7189e53e6b06fd25_<http://xfinitytv.comcast.net/watch/Crossfire-Hurricane/5767770201129665112/movies?locale=es_US>,Crossfire Hurricane
node62d3333fff71d7c9bbc8dcae2edc7870_<http://www.traileraddict.com/caught-in-the-crossfire>,Caught in the Crossfire
node9122b8673973b42fe13ea3cdac216784_<http://www.traileraddict.com/caught-in-the-crossfire>,Caught in the Crossfire
node111fa4f331a3229d4b6eed244bcfb8_<http://www.traileraddict.com/caught-in-the-crossfire>,Caught in the Crossfire
node8f8bdaaee1b9c37ce323b7d485e1cd0_<http://www.traileraddict.com/caught-in-the-crossfire>,Caught in the Crossfire
nodef091f68572df3a6cd54d80a2405112b0_<http://www.traileraddict.com/crossfire-hurricane/trailer>,Crossfire Hurricane
nodefc8e62613ac62a525a8f2b1e98138f6_<http://www.imdb.com/title/tt0039286/plotsummary>,Crossfire (1947)
nodece891ac9cda8c271218a9584b36967_<http://www.listal.com/movie/crossfire>,Crossfire (1947)
node265221193e1fba052cf3c913f916325_<http://xfinitytv.comcast.net/watch/Crossfire-Hurricane/5767770201129665112/movies?locale=en>,Crossfire Hurricane
node735698f840581eaee2b3973d59a8dfd_<http://www.imdb.com/title/tt0266870/>,"""Kurosufaia"" (original title)"
node70ffe2c1a7b79be356e3938bbdf6958_<http://www.adultdvdtalk.com/price_search/release_calendar.asp?f>,Cum Crossfire 2
nodea3c8b6a9ab1ab2b12803f8f33e21c79_<http://www.bol.com/nl/p/the-rolling-stones-crossfire-hurricane/1002004013250373/?promo=muziek-dvd-en-blu-ray_301_HC-muziek-dvd&bluray-jj-1125_A2__7_1002004013250373>,The Rolling Stones - Crossfire Hurricane
node6e5d49ba1a8b360bab240231485dcd7_<http://www.movierevie.ws/movies/1681516/Crossfire-Trail.html>,Crossfire Trail Movie Review 2001
node18223e97829fb5131babe84d2bdf1e9_<http://www.bol.com/nl/p/the-rolling-stones-crossfire-hurricane/1002004013250375/?promo=blu-ray_301_HC-nieuw-bluray-homepage-jd-111110_B1__19_1002004013250375>,The Rolling Stones - Crossfire Hurricane (Blu-ray)
node88677149b7d55286ec388d8e48633d5a_<http://www.videofutur.fr/viewTitleDetails.do?titreId=102587>,Feux crois�s(Crossfire)deEdward Dmytryk
node5fb68ded27d885b0ff6079896eb80_<http://www.filmaffinity.com/es/film952297.html>,Cross Fight Bedaman (B-Daman Crossfire) (Serie de TV)
node717f2b98bf168fd414179f39d9c8d56_<http://www.nytimes.com/movies/movie/106326/Politics/overview>,Politics
node34889d94921cc286b219bc44d46d1b6_<http://www.sho.com/sho/movies/titles/139980/politics-of-love>,Politics of Love
node8914c944fd8db215e9024eab8c417b6_<http://www.apunkachoice.com/titles/dir/dirty-politics/mid_38124/>,Dirty Politics
node37d691ee145c42bb2f2a7997946811_<http://www.apunkachoice.com/titles/dir/dirty-politics/mid_38124/features/>,Dirty Politics
node648fb1e4303c19735f311dc5feaad183_<http://www.apunkachoice.com/titles/dir/dirty-politics/mid_38124/messages/>,Dirty Politics
nodefeb227eec7a29a29155ebd69c2e40c3_<http://www.zap2it.com/movie/politics-of-love/MV003602910000?aid=zap2it>,Politics of Love
node2815b0f59b255166a2e0c4d97c96_<http://www.fandango.com/thepoliticsoffur_70832/castandcrew>,The Politics of Fur
node3c938371b533f4854012dc81f1566d2a_<http://www.imdb.com/title/tt1444270/>,Politics of Love
node2e3b3a44b6431ed7d96ce2efecb7a8c1_<http://www.sensacine.com/peliculas/pelicula-196803/>,Politics of Love
node666094d242e2cab89dc96537da2dd_<http://www.traileraddict.com/politics-of-love/trailer>,Politics of Love
node5991629344dacd663be8b4130f4712d_<http://www.bigscreen.com/NowShowing.php?movie=120630>,Politics of Love
nodeaca7ea34fc3110de78c79748461682f2_<http://www.traileraddict.com/love-and-politics>,Love and Politics
nodeafaf2658d2523ae50e2e29c7e0ee79_<http://www.traileraddict.com/love-and-politics>,Love and Politics
nodeef2157326851e9ac766e3e195990ae3e_<http://www.nytimes.com/movies/movie/105980/Petticoats-and-Politics/overview>,Petticoats and Politics
nodeac4dff8eb6f58752a31ed3e56f7551c_<http://www.imdb.com/title/tt1158761/>,Politics of the Heart
nodec251e665b335403e127584429d66b014_<http://azadjafarian.com/>,Love and Politics
node4d423c98d86aca29e8d796295e9f22_<http://www.bigscreen.com/NowShowing.php?movie=120630&view=media>,Politics of Love
node22bddedf305c34d02897b3407d7283b_<http://www.traileraddict.com/politics-of-love>,Politics of Love
node4b43597740587995efff4bae8c8d6cf_<http://www.traileraddict.com/politics-of-love>,Politics of Love
node634c3bc422ab7e975847f33d8724dbe_<http://www.traileraddict.com/politics-of-love>,Politics of Love
node5712a7dcf48ef23a3a4740ac3253f_<http://www.traileraddict.com/politics-of-love>,Politics of Love
node751e62ed64e58e4c1c673437ee95094_<http://www.traileraddict.com/politics-of-love>,Politics of Love
node11bcd2b4115b5e4b8dca2a30189faff_<http://www.traileraddict.com/politics-of-love>,Politics of Love
node167453cb13b4ad487a2946b9277a663d_<http://xfinitytv.comcast.net/watch/Politics-of-Love/8561243067821245112/movies>,Politics of Love
nodec5bb943aa371596991ed4877bb7376b_<http://www.apunkachoice.com/titles/dir/dirty-politics/mid_38124/fanclub/>,Dirty Politics
nodec4d475dd12a79c190d09664621b3e8_<http://topdocumentaryfilms.com/fear-anger-politics/>,"Fear, Anger and Politics"
node7236f1b0a3c77847faf82bb3e8d47510_<http://topdocumentaryfilms.com/ron-paul-and-internet-politics/>,Ron Paul and Internet Politics
node26e492d771428093f8828e2e4b85ee20_<http://topdocumentaryfilms.com/politics-religion-tea-party/>,"Politics, Religion and the Tea Party"
node9e9876b7962c6388bf85a52d979ecfd_<http://www.movieweb.com/movie/politics-of-love>,Politics of Love (2011)
node9b2a33eef541e395c3391c4d262385da_<http://www.nytimes.com/movies/movie/435794/The-Politics-of-Cancer-A-Study-in-Chaos/overview>,The Politics of Cancer: A Study in Chaos
node19cf63123cc1432eccb32647e53614a0_<http://xfinitytv.comcast.net/watch/Beyond-Gay%3A-The-Politics-of-Pride/7150052680853468112/movies?locale=es_US>,Beyond Gay: The Politics of Pride
node16464e522eecdd1767a9ecf7cf2716d_<http://www.imdb.com/title/tt0040803/technical>,Smart Politics (1948)
nodeec345c419ccd43a4d115608e3f1ea154_<http://cine.ch/film/pastry-pain-politics>,"Pastry, Pain & Politics"
noded6bcdcb4f574869a6fceab7e4106279_<http://www.adultdvdtalk.com/review/office-politics-3rd-degree>,Office Politics (3rd Degree)
nodeb6d4d2f899e0739672f8d7d24e4c693c_<http://www.imdb.com/title/tt1158761/releaseinfo>,Politics of the Heart (2007)
node5336be55cd1589595f4d3e4fe6f0de59_<http://www.traileraddict.com/beyond-gay-politics-pride/another-look>,Beyond Gay: The Politics of Pride
node45566dacd27925b398113fce8d862f_<http://www.sho.com/sho/reality-docs/titles/137149/beyond-gay-the-politics-of-pride>,Beyond Gay: The Politics of Pride
node94dd19491fca596a294767418946c99_<http://www.imdb.com/title/tt0344217/soundtrack?ref_=ttfc_ql_trv_7>,Politics Are Murder (2003)
node42fbb6bbfbd927a966bb3d53b4462683_<http://www.traileraddict.com/beyond-gay-politics-pride>,Beyond Gay: The Politics of Pride
node69f0f9416e2ca87322ede8487fdc62_<http://www.traileraddict.com/beyond-gay-politics-pride>,Beyond Gay: The Politics of Pride
nodea0f8cd462db9c15bd2c298ecee5a5e3a_<http://www.traileraddict.com/beyond-gay-politics-pride>,Beyond Gay: The Politics of Pride
node6d377efcd8f47876356377c50c7f0f7_<http://www.traileraddict.com/beyond-gay-politics-pride>,Beyond Gay: The Politics of Pride
node1b52753c8e09a579a3bbf8749447c3c_<http://www.movieposterdb.com/movie/2427116/Sick-Smelly-Dirty-Politics.html>,Sick Smelly Dirty Politics
nodec318457aaab45c36b53d9d8a7cc3e2_<http://www.imdb.com/title/tt0040803/fullcredits>,Smart Politics (1948)
nodef76297a3888d96174f23d325a8bb854_<http://www.nytimes.com/movies/movie/437895/The-Legacy-Murder-Media-Politics-Prisons/overview>,"The Legacy: Murder & Media, Politics & Prisons"
node7ae0dc6f5c1f8744145bbea1a5108043_<http://www.fandango.com/cheguevara:politicsloveandrebellion_109694/movieoverview>,"Che Guevara: Politics, Love, and Rebellion"
nodecbf5743a3eff973fadc1637f33ec9ced_<http://www.hollywood.com/movies/6071717/the-legacy-murder-media-politics-prisons>,"The Legacy: Murder & Media, Politics & Prisons"
noded7be20e439b2108a6c7fc791b1f9647_<http://www.traileraddict.com/30-percent-women-and-politics-in-sierra-leone>,30% (Women and Politics in Sierra Leone)
node373a698b3af4e4929e58cdba4985e92a_<http://www.traileraddict.com/30-percent-women-and-politics-in-sierra-leone>,30% (Women and Politics in Sierra Leone)
node6e9e66eed2fcd2409d109c4cd9346c2f_<http://www.traileraddict.com/30-percent-women-and-politics-in-sierra-leone>,30% (Women and Politics in Sierra Leone)
node0a75f58cf9f7966c0bb5113e3d8d_<http://www.traileraddict.com/30-percent-women-and-politics-in-sierra-leone>,30% (Women and Politics in Sierra Leone)
nodeeccb357fba66d18745927d3ec6acdbc_<http://www.bcdb.com/cartoon/150770-30_(Women_and_Politics_in_Sierra_Le>,30% (Women and Politics in Sierra Leone)
node77dc5cfc92163d7945aadaa72de8e9e6_<http://www.metacritic.com/movie/the-power-of-nightmares-the-rise-of-the-politics-of-fear>,The Power of Nightmares: The Rise of the Politics of Fear
node2c1056cdc6f67aaf7ed89e331ce3c30_<http://www.movieposterdb.com/movie/0756674/Last-Man-Standing-Politics-Texas-Style.html>,Last Man Standing: Politics Texas Style
nodefac8165195a559a3a75064d027cfa772_<http://www.imdb.com/title/tt1525792/>,American Politics All You Can Eat
nodec02e7670f75a6cd69ab9d91e1444be_<http://www.imdb.com/title/tt0978688/>,"Politics Mate - Before and After, The: Third Film from Recollections about Sea Fishing"
node0a16bb34a2fa8811ea87a34cd77435a_<http://www.imdb.com/title/tt0117030/>,"""Metalmeccanico e parrucchiera in un turbine di sesso e di politica"" (original title)"
node244b988f6013fedbe4e67cb91e8fc82_<http://www.imdb.com/title/tt0117030/>,The Blue Collar Worker and the Hairdresser in a Whirl of Sex and Politics
noded83a5ad3c238befec88e365c3f70fe_<http://www.filmlerseyret.com/izle/435/besinci-emir-olum>,Beşinci Emir Ölüm
nodee0519f6c1c9f85c94c4d9a0754ae5ba_<http://www.bigscreen.com/NowShowing.php?movie=79990&view=media>,Emir Kusturica
node86505538a022e28364b9ff60edfbf9cf_<http://www.acunn.com/sinema/besinci-emir-olum/379686>,El quinto mandamiento
nodef3a17ba93db3da8a223381343c692a_<http://www.filmupdate.altervista.org/13/14571-il-segreto-anticipazioni-27-agosto-2013-pepa-in-carcere-racconta-la-verit-ad-angustias.html>,La Foresta di Ghiaccio - Clip esclusiva backstage - Emir Kusturica racconta Secondo
"node83eec7b86753fcd98576e6657d7a88d_<http://www.commeaucinema.com/film/7-jours-a-la-havane-drame,224339>",7 Jours ï¿½ la Havane
nodedac79e3c793914ba03aecaddc5b4a1_<http://www.apunkachoice.com/titles/azh/azhagar-malai/mid_30388/>,Azhagar Malai
node69b5ace81b75dda26f194bdc46b169_<http://spicyonion.com/movie/azhagar-malai/>,Azhagar Malai
node2dc93c68e5f241d32f9322bf841ceef3_<http://www.themoviedb.org/movie/12818-everybody-wants-to-be-italian>,Everybody Wants to Be Italian
nodef9e8e92244afb9d034b52e277ee86a64_<http://www.themoviedb.org/movie/12818-everybody-wants-to-be-italian>,Everybody Wants to Be Italian
node17a5a7bff571c5ef469df6bbbe334893_<http://www.themoviedb.org/movie/12818-everybody-wants-to-be-italian>,Everybody Wants to Be Italian
node2ff2303e82ada31080a0643cb1a552b8_<http://www.zap2it.com/movie/everybody-wants-to-be-italian/MV002082250000?aid=zap2it>,Everybody Wants to Be Italian
node6b4add6dac08fa9b6edebc5eb8a72_<http://www.traileraddict.com/everybody-wants-be-italian/lost-cat>,Everybody Wants to Be Italian
node8d3918e7448f8b358327cbb1a888cfe9_<http://www.fandango.com/everybodywantstobeitalian_111007/moviephotosposters?ImageId=226954>,Everybody Wants to Be Italian Photos
noded94b47a1b837db69f3baecd434a6b98b_<http://www.fandango.com/everybodywantstobeitalian_111007/moviephotosposters?ImageId=226954>,Everybody Wants to Be Italian
nodeffd3d54f9dfcb2b7f1348d89476fec_<http://www.traileraddict.com/everybody-wants-be-italian>,Everybody Wants to Be Italian
nodecc481f843d24cb6490f2de1ec4f44372_<http://www.traileraddict.com/everybody-wants-be-italian>,Everybody Wants to Be Italian
nodeff9d99934da98c575f7364a987d6f049_<http://www.traileraddict.com/everybody-wants-be-italian>,Everybody Wants to Be Italian
node4884c2fdc5342a19796de42de1d93b92_<http://www.imdb.com/title/tt0111625/>,Vijaypath
node93dce631fff1a5ee8bf392b86ee2aae_<http://www.apunkachoice.com/titles/vij/vijaypath/mid_17916/>,Vijaypath
node6a12c4a1e15b95179e3ab7de55f4af_<http://www.apunkachoice.com/titles/vij/vijaypath/mid_17916/fanclub/>,Vijaypath
node1074272b6bb79a15dc1501361f244e3_<http://www.ovguide.com/vijaypath-9202a8c04000641f8000000005c15905>,Vijaypath
node70a39426e4ae34753fec44656f9ff0_<http://www.themoviedb.org/movie/103800-vijaypath>,Vijaypath
node596ac3d516663ccff59e3511917c3eb_<http://www.movieslistdb.com/ajay-devgan-movies-list>,Vijaypath
node7dacac7cbd0c03174b2cd697e7116d2_<http://twomovies.us/watch_movie/Vijaypath>,Watch Vijaypath (1994) movie Online
nodea4e4940779f438b84bae2b9d5aa6d7_<http://www.imdb.com/title/tt0082210/>,El crack
node1bddedfa437e602397cc8779e6f8673e_<http://www.imdb.com/title/tt0082210/>,El crack
node184dd975d92cbb8da56c51e2c4fe2dc1_<http://www.fulltv.com.ar/peliculas/el-crack.html>,El crack
node4ac2ca84d9e26b9c5723511e84d4684_<http://musicmazaa.com/telugu/audiosongs/movie/Kamli.html>,Kamli
nodeb6f79ecfea126c621b6ec35ff6e769_<http://www.lyricsmasti.com/song/3992/get_lyrics_of_Kamli-Kamli.html>,Kamli Kamli
noded552b75759c84abb4293b3506042fe1_<http://musicmazaa.com/punjabi/audiosongs/movie/Kamli+Hoyee.html>,Kamli Hoyee
node2d3c2b761e73c36ffb1471381f6cdd_<http://www.nytimes.com/movies/movie/388121/Black-Irish/overview>,Black Irish
nodedb753a3f275155ddc942fb16e2668b8a_<http://www.traileraddict.com/black-irish>,Black Irish
nodeefabc3baca78e4377c342a59e71924c_<http://www.traileraddict.com/black-irish/trailer>,Black Irish
nodebde98525e2c1c78bf99d44a84aee3a5c_<http://www.traileraddict.com/black-irish>,Black Irish
node5cf2e092f8ef51b29e639c5819c9f03e_<http://www.traileraddict.com/black-irish>,Black Irish
node7830f7319e61128b3d1955a1ed28530_<http://www.locatetv.com/movie/black-irish/994720>,Black Irish - Movie (2006) | LocateTV
node1234362bac14119f72a61b603210e272_<http://www.movieposterdb.com/movie/0105200/The-Quarrel.html>,The Quarrel
node1aaaf23b1ced0954ab911cd49137114_<http://www.nytimes.com/movies/movie/119277/The-Quarrel/overview>,The Quarrel
node25332c717a9a9e5dcc41f1112adb5dce_<http://www.imdb.com/title/tt0105200/>,The Quarrel
node90aa7d1d55fa2d6746e876c1328652_<http://www.movierevie.ws/movies/1097424/The-Quarrel.html>,The Quarrel Movie Review 1993
nodeed82197532d0ff372d5bfbbc3a31548_<http://www.imdb.com/title/tt0057714/>,Zatoichi on the Road
node2d95cd9c3b585a7c5f8c48607b595aa2_<http://www.imdb.com/title/tt0092842/?ref_=nm_flmg_msc_8>,Dead of Winter
node5198d6d2564e934bafb9e4f3a6c4f11_<http://bigscreen.com/NowShowing.php?movie=104477&view=media>,Dead of Winter
nodeeb829bf8f7b6b9f27c79c2b842675efc_<http://bigscreen.com/NowShowing.php?movie=104477&view=sched>,Dead of Winter
node76a4a3efe51650d6ead4219f93ab26b_<http://bigscreen.com/NowShowing.php?movie=104477>,Dead of Winter
node29f41b1e8df972151e78418bf46e81f1_<http://www.movieposterdb.com/poster/388c62f1>,Dead of Winter
node6922ed513adc11c16fbaf2470e5e6f0_<http://www.fulltv.com.ar/peliculas/muerte-en-el-invierno.html>,Dead of Winter
nodecb1a88aabbc6f7b7b63ae0e0c4350db_<http://www.movieposterdb.com/poster/f149df61>,Dead of Winter
node6f2e3f8a8a3e7dc28cf4434dfb3311_<http://www.movieposterdb.com/poster/c9051f2c>,Dead of Winter
node2b697a23c0a58fcf5d1d2044378ed153_<http://www.movieposterdb.com/poster/da9e805f>,Dead of Winter
noded65128adc34d81a41a6d728c7f717d_<http://www.imdb.com/title/tt2139793/>,Dead of Winter
nodeb0d7b42cff64be30bbf245a427603653_<http://bigscreen.com/NowShowing.php?movie=104477&view=photos>,Dead of Winter
node492fbbacf82121f62694289a6693ab5_<http://www.imdb.com/title/tt0092842/?ref_=nm_flmg_act_101>,Dead of Winter
nodebd2131c2302289ecf88b897747cee41b_<http://bigscreen.com/NowShowing.php?movie=104477&view=sched&show=nearby>,Dead of Winter
node68bdfb119f284e9f87c1d8c5fe310a5_<http://www.nytimes.com/movies/movie/12735/Dead-of-Winter/overview>,Dead of Winter
node177091d1b5af62f85495977f7db24db_<http://www.movieposterdb.com/poster/3f0792ff>,Dead of Winter
node53fbe95a239d928837417d53ca593d8_<http://www.movieposterdb.com/poster/155c7671>,Dead of Winter
nodef3cd8f787def9cc1a0505c9e609a192_<http://www.movieposterdb.com/poster/92a39ed1>,Dead of Winter
nodedf165c9f126e3fc3b6ad9b113be62ce6_<http://www.movieposterdb.com/movie/0092842/Dead-of-Winter.html>,Dead of Winter
noded54c612d0dd4788d661bdd5d17fd2c4_<http://www.movieposterdb.com/movie/0092842/Dead-of-Winter.html>,Dead of Winter
node42c31ca8a06e42dd60d7cbad6245b0a_<http://www.rogerebert.com/reviews/dead-of-winter-1987>,Dead of Winter (1987)
b0,Cartagena
node1d1990673a592387a87958df4798b880_<http://www.allocine.fr/film/fichefilm_gen_cfilm=211274.html>,An Adventure In Space and Time
nodecffd3129221d51214f45d6d31c5a11_<http://ver-pelis.net/pelicula/del-2013/pagina2/>,An Adventure in Space and Time
node7da583254c8f26e07e9dea5bdc38a4f_<http://www.zap2it.com/movie/an-adventure-in-space-and-time/MV005268360000?aid=zap2it>,An Adventure in Space and Time
nodebbc844bc7f773a29dd9e66081b2bd92_<http://xfinitytv.comcast.net/watch/An-Adventure-in-Space-and-Time/5096985101457234112/movies>,An Adventure in Space and Time
node72dfd2d837f64fac2ad2ebe822a75023_<http://www.apunkachoice.com/titles/myd/my-dear-marthandan/mid_31283/>,My Dear Marthandan
node91dacf3d17206c7f239eae48b8a5eb9_<http://www.fulltv.com.ar/peliculas/er-conde-jones.html>,Er Conde Jones
nodeabd94e9d4e952fa5459d60d3dc133525_<http://www.nytimes.com/movies/movie/188185/After-Stonewall/overview>,After Stonewall
nodeb2b16369d096d2365beceea52614417e_<http://www.imdb.com/title/tt0244955/>,After Stonewall
nodeeef64fe6fe82ed1335354bd778ab225_<http://www.imdb.com/title/tt0244955/>,After Stonewall
node9aecdc6c59bdc3c0fbfb507452f6932f_<http://www.imdb.com/title/tt0244955/releaseinfo?ref_=tt_ql_9>,After Stonewall (1999)
node0d59843c35a92546823da2209df825_<http://www.imdb.com/title/tt1733275/?ref_=nm_flmg_msdp_31>,Rosario
nodeb4b5809388edf02ddbf8195343457d46_<http://www.themoviedb.org/movie/10810-rosario-tijeras>,Rosario Tijeras
nodefd3951c696846c707b7224d8b25f2fb_<http://chauthanh.info/manga/view/rosario-vampire.html>,Rosario Vampire
node8e67ce7991196d4af73cd7215be3ffe8_<http://www.filmesdetv.com/rosario-tijeras.html>,Rosario Tijeras
node1bf998e495661abac3ebbfe9a5e18_<http://www.fulltv.com.ar/peliculas/rosario-tijeras.html>,Rosario Tijeras
node761891e492090fec5f632186af963d_<http://www.ovguide.com/rosario-tijeras-9202a8c04000641f8000000000bae474>,Rosario Tijeras
nodefa52accf13ceed15c56b6ef6265b2e8_<http://www.imdb.com/title/tt0382271/>,Rosario Tijeras
node4875e8d0843a5aa3bbc255a92b511b4_<http://www.imdb.com/title/tt0102549/>,Nocturno a Rosario
nodef43d64b4d0ac95eeaee71d17f07b875e_<http://animekun.ru/search/%D0%B0%D0%BD%D0%B8%D0%BC%D0%B5%20%D0%BA%D0%BE%D0%BC%D0%B5%D0%B4%D0%B8%D1%8F%20%D1%80%D0%BE%D0%BC%D0%B0%D0%BD%D1%82%D0%B8%D0%BA%D0%B0%20%D0%BC%D0%B8%D1%81%D1%82%D0%B8%D0%BA%D0%B0/>,Розарио + Вампир / Rosario + Vampire
node8277daa861deff95e0c664f3453cedaf_<http://www.juvmovies.com/la-peliculas-xxx-de-rosario-escobar.htm>,la peliculas xxx de rosario escobar
noded7eb2409113385819de3b58f8b990e5_<http://www.mejane.com/films/detail/19622/Zookeeper.html>,Zookeeper
nodebcbe7715c950e0691517de472af5629_<http://www.aullidos.com/pelicula.asp?id_pelicula=9050>,Rosario Dawson
"node5417377327dcfc8a1bb9efc5b3838a_<http://www.commeaucinema.com/film/trance-thriller,259587>",Trance
node4b1e1a1d2b7cea78a7e58a990acb2d6_<http://mrstiff.es/buscar/straight/spanish>,http://mrstiff.es/buscar/straight/spanish//pelicula/horny-spanish-flies-rosario-ston-472081
"noded6f5145da389e8f4f77d7d78153f78eb_<http://www.commeaucinema.com/film/bienvenue-dans-la-jungle-action,15890>",Seann William Scott
node96469dda8021321bbccfcf2888021d8_<http://www.aullidos.com/pelicula.asp?id_pelicula=5805>,Joe Pantoliano
node91e9f8a7ca4544a14f22e7b16ac1e5b_<http://www.imdb.com/title/tt0034770/?ref_=nm_flmg_act_190>,The Gay Sisters
noded6c82c119dc691566665a9db1019d091_<http://www.nytimes.com/movies/movie/92769/The-Gay-Sisters/overview>,The Gay Sisters
nodea0cdb59badf3aa746e8ebadc6feecdf_<http://www.nytimes.com/movies/movie/98484/Lady-Gangster/overview>,Lady Gangster
noded0ac79491d1c4fce1860d1c4e3d6816e_<http://www.watchfreemovies.ch/watch-movies/1942/watch-lady-gangster-144050/>,Lady Gangster
nodeaa13729d1ece89e785ea5cd7aaae80_<http://www.themoviedb.org/movie/23107-lady-gangster>,Lady Gangster
nodefa5d21858f557b5c4c5b82b54c3f43_<http://www.imdb.com/title/tt0113114/?ref_=nm_knf_i4>,Free Willy 2: The Adventure Home
node35ecd2319d9f66cd55a620183ca817_<http://www.imdb.com/title/tt0113114/>,Free Willy 2: The Adventure Home
node9829978c2d2430e51d77ff72621ae3b_<http://www.imdb.com/title/tt0113114/>,Free Willy 2: The Adventure Home
nodef5fe51bbaec0e16b697b61472276a9d9_<http://parentpreviews.com/movie-reviews/review/free-willy-2-the-adventure-home>,Free Willy 2: The Adventure Home
node915746665d17c363d784ca829aa12_<http://parentpreviews.com/movie-reviews/review/free-willy-2-the-adventure-home>,Free Willy 2: The Adventure Home
node1ad96f134098e8ebdec3ed741a921fd_<http://www.fandango.com/freewilly2:theadventurehome_32155/movieoverview>,Free Willy 2: The Adventure Home
nodec05e51a448f3849524b451ec898d1f9_<http://www.nytimes.com/movies/movie/134937/Free-Willy-2-The-Adventure-Home/overview>,Free Willy 2: The Adventure Home
node7dc8d1aa4f3152b45649c1d4ded4fe9e_<http://www.zap2it.com/movie/free-willy-2-the-adventure-home/MV000428780000>,Free Willy 2: The Adventure Home
nodef79a6e91ffed78ed2a7b7416c543b_<http://www.imdb.com/title/tt0113114/trivia?tab=mc>,Free Willy 2: The Adventure Home (1995)
nodec96365a0e6984eea5b65b3222134e42d_<http://www.listal.com/movie/free-willy-2-adventure-home>,Free Willy 2: The Adventure Home (1995)
nodecb8ae1a143f1c6be231c17e884797e_<http://www.imdb.com/title/tt1053226/>,Brownies
nodea2785c862ac9bb1667118e9f7bb43d3_<http://www.movieposterdb.com/movie/1053226/Brownies.html>,Brownies
node6366528e777c34dbb32f9b7b6a624e0_<http://www.traileraddict.com/4-3-2-1/dvd-tv-spot>,4.3.2.1
node6b66cafda3dc671cfc21ac6bc94eec1_<http://www.dvdreleases.org/drama/4-3-2-1/>,4.3.2.1
node309876d2a68e4deedf8b4f3d7c942c67_<http://www.redbox.com/movies/4321>,4.3.2.1.
nodeb493a549d0c82f884c6d25c9351fc73_<http://www.nytimes.com/movies/movie/461908/4-3-2-1/overview>,4.3.2.1
nodeda4f1c5bbda333c75477a96b30d2aebc_<http://www.ovguide.com/4-3-2-1-9202a8c04000641f8000000012e81552>,4.3.2.1
node1073626fefe142d99ee3835b0207f2e_<http://www.movieposterdb.com/poster/404977cc>,4.3.2.1
nodebc8b315ba163db243b0cf39c583a211_<http://www.movieposterdb.com/poster/b2bcc775>,4.3.2.1
node9fa914868042a436fd5f1a822b10e75d_<http://www.traileraddict.com/4-3-2-1->,4.3.2.1
node4ae92d7d8760f26e6be5d87560738b4c_<http://www.traileraddict.com/4-3-2-1->,4.3.2.1
nodee83ae4ee44a4bb3e22863d116cc_<http://www.traileraddict.com/4-3-2-1>,4.3.2.1
node73a9ce28707b6f9faef2b3949f6938f_<http://www.movieposterdb.com/poster/c253a376>,4.3.2.1
node44424157d71cbc9df85beb41276e0cb_<http://www.movieposterdb.com/poster/8c5593ae>,4.3.2.1
node1a3c99b28f13c7b2301c228e1f478_<http://trakt.tv/movie/4321-2010>,4.3.2.1
node2735996b6ce16c462a861f9ab72a2_<http://www.movieposterdb.com/poster/f7443c1c>,4.3.2.1
nodea69da580713ed561e2bd8f5231ec673_<http://www.movieposterdb.com/poster/dca4eb75>,4.3.2.1
node9a3643cbf92fb9aa0c2c121c522e8ad_<http://www.imdb.com/title/tt1514041/releaseinfo>,4.3.2.1. (2010)
node5ddf495de88978b21378cba2dafad77_<http://bestkino.su/2011/02/4-3-2-1/>,4.3.2.1 смотреть онлайн
b0,Indian Porn Videos
node389db7e7f67deca9188a87dd93143f5_<http://www.imdb.com/title/tt0120746/?ref_=nm_flmg_eddp_1>,The Mask of Zorro
node1da48b61cb7be8453ed4bdd18f838079_<http://www.apunkachoice.com/titles/the/the-mask-of-zorro/mid_25701/fanclub/>,The Mask of Zorro
node307d45eea609eec85979e2f3823b84d_<http://xfinitytv.comcast.net/watch/The-Mask-of-Zorro/5032029843226834112/movies?locale=en>,The Mask of Zorro
node2c78f98c1bb6c57043f8d8a165b4ca2_<http://www.filmesdetv.com/the-mask-of-zorro.html>,The Mask of Zorro
node3280799c5b67db9cafa2b387c8c9542a_<http://www.nytimes.com/movies/movie/158887/The-Mask-Of-Zorro/overview>,The Mask of Zorro
nodea62fbf2e83b862eb30c398d6fc9ceaa1_<http://www.movieposterdb.com/movie/0120746/The-Mask-Of-Zorro.html>,The Mask Of Zorro
node4fe82aa1b7c615b4e0985b2f857071ae_<http://www.hollywood.com/movies/166270/the-mask-of-zorro>,The Mask of Zorro
node5edbcb18a28586b5b11fb7cb28a0c4_<http://www.zap2it.com/movie/the-mask-of-zorro/MV000608700000?aid=zap2it>,The Mask of Zorro
node3316da1af6c774dcc7927f78b2b1cd3f_<http://www.imdb.com/title/tt0120746/?ref_=nm_knf_i1>,The Mask of Zorro
node33b08d75fbc4e190aa48e6e6185dbb57_<http://www.guidafilm.com/the-mask-of-zorro.html>,The Mask of Zorro
node9791727a46de41a8955f9829a985b19_<http://www.imdb.com/title/tt0120746/>,The Mask of Zorro
node234353c2b453a4c4836abc124a3c79ac_<http://www.imdb.com/title/tt0120746/>,The Mask of Zorro
nodedc96fcbffa2bf6f16f7d948c96551ff_<http://www.imdb.com/title/tt0120746/>,The Mask of Zorro
node9e8a2aca618ed85bf2eafb9a329209f_<http://www.movieposterdb.com/poster/a6c54fb5>,The Mask Of Zorro
node328b0142f34272a4b50b80a97e50c1_<http://www.imdb.com/title/tt0120746/?ref_=nm_flmg_spl_12>,The Mask of Zorro
node40c81d5e8e444028e23bd99c4f4f3fa2_<http://www.apunkachoice.com/titles/the/the-mask-of-zorro/mid_25701/>,The Mask of Zorro
node15f13a94739633aa9af51d157423f2f4_<http://www.apunkachoice.com/titles/the/the-mask-of-zorro/mid_25701/synopsis/>,The Mask of Zorro
node6455525d66a5a57de3a7d5b913f9d9e_<http://www.metacritic.com/movie/the-mask-of-zorro?recent-sort=userscore>,The Mask of Zorro
node5061eacfb01ced919d83d31f929732f6_<http://www.imdb.com/title/tt0120746/?ref_=nm_flmg_vsl_1>,The Mask of Zorro
node29bd852abd58c2b21a70f1acae71f093_<http://www.movieposterdb.com/poster/ed4d7d42>,The Mask Of Zorro
node9939b35f197d96215464f1724c1cdc6_<http://xfinitytv.comcast.net/watch/The-Mask-of-Zorro/5032029843226834112/movies?locale=es_US>,The Mask of Zorro
node488fb63f675dcbc9382df3448d91e4_<http://parentpreviews.com/movie-reviews/review/mask-of-zorro>,The Mask Of Zorro
node14590575a5fd7de7283bcc3e64913da_<http://parentpreviews.com/movie-reviews/review/mask-of-zorro>,The Mask Of Zorro
node8de98fb7dbbe22aa9660df74b1facdd_<http://www.fulltv.com.ar/peliculas/la-mascara-del-zorro.html>,The Mask of Zorro
node2630d61ea4f09575c1fa18448e831e2_<http://www.fulltvfilms.com/the-mask-of-zorro.html>,The Mask of Zorro
node41d2eb163d2b534ade7a2087ea5aa6_<http://www.traileraddict.com/mask-of-zorro>,The Mask of Zorro
nodee1aead416fe74f23b8b1d48e44f058_<http://www.traileraddict.com/mask-of-zorro>,The Mask of Zorro
node64f4ed75c097106c2612e14c9a6f11b_<http://www.traileraddict.com/mask-of-zorro>,The Mask of Zorro
node6b398e1eb8f873957fe4533d4b2e4951_<http://www.traileraddict.com/mask-of-zorro>,The Mask of Zorro
node9b62b7984b2e3ddc157996e4bd0b_<http://www.the-numbers.com/movie/Mask-of-Zorro>,The Mask of Zorro
node1d42ba7c911498a11e4d8debd1e3dcb0_<http://www.subs4movies.com/movie-subtitles/the-mask-of-zorro-1998/s4md3eba0905/Greek>,The Mask of Zorro (1998)
nodeceb9f8758efff10c8f83b227967a1bf_<http://www.imdb.com/title/tt0120746/trivia>,The Mask of Zorro (1998)
node43498638d5f5b36c4fd1d3b2e153b_<http://www.rogerebert.com/reviews/the-mask-of-zorro-1998>,The Mask of Zorro (1998)
node953bd049769edbd505958945ca62bbc_<http://www.rogerebert.com/reviews/the-mask-of-zorro-1998>,The Mask of Zorro (1998)
node7a1de6f3c86beba4bd94d6a51143d8_<http://www.imdb.com/title/tt0059950/>,"""El Zorro cabalga otra vez"" (original title)"
b0,Killer Elite
node768632a433a05de3e73e213aa71961b0_<http://www.hollywood.com/movies/55664726/aya>,Aya
nodee4b9b4e01f1a19f576fcaae2129d42ab_<http://www.movieposterdb.com/movie/2326094/Aya.html>,Aya
node381a1e4371c4beba8ff8414cd6b4932_<http://www.nytimes.com/movies/movie/461444/Aya-de-Yopougon/overview>,Aya de Yopougon
nodebbbd595a6462acfb09895edae25b1ba_<http://www.fulltv.tv/movies/aya-de-yopougon.html>,Aya de Yopougon
nodea54ed676bc7c4aa336ee9625094731_<http://www.fulltvfilms.com/aya-de-yopougon.html>,Aya de Yopougon
nodee29243736845789586e79f15e4f5c5d_<http://animekun.ru/search/%D0%BD%D0%B5%D0%B1%D0%BE%20%D0%B8%20%D0%B7%D0%B5%D0%BC%D0%BB%D1%8F%202%20%D1%81%D0%B5%D0%B7%D0%BE%D0%BD/>,Хисакава Ая / Hisakawa Aya
nodec4f83242dbfcc532972e70d5ae5dcf4f_<http://www.apunkachoice.com/titles/aya/aya-sawan-jhoom-ke/mid_1667/>,Aya Sawan Jhoom Ke
nodeb26cfba3117b8f505c854c9186302db2_<http://www.allocine.fr/film/fichefilm_gen_cfilm=194895.html>,Aya de Yopougon
node6d15c9cbadec6b849beb55ebebf396d7_<http://www.bcdb.com/cartoon-story/137517-Aya_de_Yopougon>,Aya de Yopougon
node13f2e8ec44b29a24b2fcad9a30adf36b_<http://www.bcdb.com/cartoons/Other_Studios/A/A-_Miscellany/Autochenille_Production/index.html>,Aya de Yopougon
node1ac591500becd79c919f86435f53b2e_<http://www.bcdb.com/cartoon-characters/137517-Aya_de_Yopougon>,Aya de Yopougon
nodef4ddf0a2f9fa39c83f2b9f8692c5d78_<http://www.bcdb.com/cartoon/137517-Aya_de_Yopougon>,Aya de Yopougon
nodef4d1933e6255a523e7204fdb70898082_<http://vipphim.net/hoi-phap-su/>,Akira Ishida
node63953b43aa96e6536356c76a3f4d57_<http://mrstiff.es/site/javhq.com>,http://mrstiff.es/site/javhq.com//pelicula/engrasado-encima2c-aya-sakuraba--21366131
node80dfb73f55d81d3fee8b42fa8c9b8a3_<http://twomovies.us/watch_movie/Aya_Sawan_Jhoom_Ke>,Watch Aya Sawan Jhoom Ke movie online for free
nodee072b492354ed4181deae9ce45428_<http://mrstiff.es/buscar/straight/japones-abuelas>,http://mrstiff.es/buscar/straight/japones-abuelas//pelicula/japone9s-abuelas-aya-sakuma-2066280
node9210ea85806a211cfe53741c917e95b3_<http://mrstiff.es/buscar/straight/japones-abuelas>,http://mrstiff.es/buscar/straight/japones-abuelas//pelicula/abuelas-japonesas-aya-sakuma-13487266
"nodee26f7beac825c5fe4516714e8f7efdf_<http://www.commeaucinema.com/film/aya-de-yopougon-animation,226448>",Aya de Yopougon
node7ba54e8f86c787c5f316bbe1f4f5962b_<http://mrstiff.es/buscar/straight/abuelas-japan>,http://mrstiff.es/buscar/straight/abuelas-japan//pelicula/abuelas-japonesas-aya-sakuma-13487266
node5abc4a224b3e96e26a828273ee8858e_<http://www.imdb.com/title/tt0317056/>,"""Adimai Penn"" (original title)"
node278d322bec971e77df72793e80939f72_<http://www.nytimes.com/movies/movie/433577/China-O-Brien-II/overview>,China O'Brien II
node5b4db37b489795d22f77b6f467fb5fa_<http://www.imdb.com/title/tt0073631/>,Rollerball
node6a258ccc7fa435d98e8db90aa9c2568_<http://shotonwhat.com/sound-systems/4-track-stereo-sound-systems>,Rollerball
node3e3d460ad7ba3620d41d634aa8aa21_<http://www.nytimes.com/movies/movie/41954/Rollerball/overview>,Rollerball
nodefcccee580759e61faf5de53a590f742_<http://www.zap2it.com/movie/rollerball/MV000079950000>,Rollerball
nodeead75638d56dacc63a6223796cf33_<http://www.allocine.fr/film/fichefilm_gen_cfilm=26854.html>,Rollerball
node4c7a546d864022cc4c6dc4329a5952_<http://www.interfilmes.com/filme_14362_Rollerball-(Rollerball).html>,Rollerball
node70851b47549e671267f368ef8607bb_<http://www.hollywood.com/movies/231101/rollerball>,Rollerball
nodeeeed93f9f66ad2c19f61d5d85bf491d_<http://www.movieposterdb.com/movie/0246894/Rollerball.html>,Rollerball
nodec5f68dfd3e36bd8eb5bfcfae13f1dff_<http://www.imdb.com/title/tt0246894/?ref_=nm_flmg_msc_5>,Rollerball
nodee58959b63fa18ce14de2c7bb4f99f6bb_<http://www.fandango.com/rollerball_27981/movieoverview>,Rollerball
node1fc8c09f25548e6b1b35fc2379abfad_<http://www.movieposterdb.com/poster/301d486c>,Rollerball
nodee7b2b0e0a3ca95ba1cb9bfb08573235_<http://www.imdb.com/title/tt0246894/?ref_=nm_flmg_act_16>,Rollerball
node23941243707c74689bf2ebd1859ae728_<http://www.movieposterdb.com/poster/4fb6602d>,Rollerball
nodee85e910e1c3fd14ed28eab7f5f32eea_<http://www.hollywood.com/movies/377078/rollerball>,Rollerball
nodeba13c50de5efa711ded1d18adb2c3df_<http://www.movieposterdb.com/movie/0073631/Rollerball.html>,Rollerball
nodee0cbb2b2e60629da7ff2fca2fe1e7_<http://www.movieposterdb.com/poster/e2eeae04>,Rollerball
node775b95bce4a4d5697fa2ddf26a7dfd9_<http://www.imdb.com/title/tt0246894/>,Rollerball
nodec1e1c6b5be49774953397662f51d2a71_<http://www.imdb.com/title/tt0246894/>,Rollerball
nodeaa198ce722ede755c97fbea18bbe7c2a_<http://www.rogerebert.com/reviews/rollerball-2002>,Rollerball (2002)
node64061764e227b4e99645d4dc4c6a9e6_<http://www.the-numbers.com/movie/Rollerball-(1975)>,Rollerball (1975)
node19a22071709fa638a5d588354afc656d_<http://www.listal.com/movie/rollerball-2002>,Rollerball (2002)
"nodee062358637e3ffde7528fe38b435e146_<http://www.commeaucinema.com/film/rollerball-science-fiction,2104>",Rollerball
nodeb8d827f84e85ae39df16acfe25b4f64_<http://www.imdb.com/title/tt0074252/technical>,"Ugly, Dirty and Bad (1976)"
node37b583862ce85eb3d2e7de36ac5f3087_<http://www.imdb.com/title/tt0074252/>,"""Brutti, sporchi e cattivi"" (original title)"
node77f695ed1347cf4b85e89f87bbb374dd_<http://www.imdb.com/title/tt0074252/>,"""Brutti, sporchi e cattivi"" (original title)"
