id,title,author
nodeac66770feb8c65b849bd65cba39f5_<http://www.boomerangbooks.com.au/Darkest-Mercy/Melissa-Marr/book_9780061659256.htm>,Darkest Mercy,http://www.boomerangbooks.com.au/Darkest-Mercy/Melissa-Marr/book_9780061659256.htm/#
node1adf19d752a5f91eb6eb5afeab261e6_<https://www.kirkusreviews.com/book-reviews/melissa-marr/darkest-mercy/>,DARKEST MERCY,Melissa Marr
node1caf66fafe45bda7b6a9ba51ffe94a_<http://www.harpercollins.com/books/9780061659270>,Darkest Mercy,by Melissa Marr
node3d8d2bc2ced0685dfc97bb41c0db63_<http://www.harpercollins.com/books/9780061659270>,Darkest Mercy,by Melissa Marr
node772f881b5d6892e63b5d16275724bbe3_<http://www.bookdepository.com/author/Melissa-Marr>,Darkest Mercy,Melissa Marr
nodebc752f7c652f8c83d19deb7239d2ded_<http://www.bookdepository.com/author/Melissa-Marr>,Darkest Mercy,Melissa Marr
node3abb914269619b4577e7fc7f22baf3_<http://www.harpercollins.com/books/9780062078377>,Darkest Mercy,by Melissa Marr
node51e53a6277a4f0d4926191cf515368a5_<http://www.harpercollins.com/books/9780062062000>,Darkest Mercy,by Melissa Marr
node70fea73f1ceeab1287d9ecd74026ef55_<http://www.harpercollins.com/books/9780061750496>,The Program,by Gregg Hurwitz
node536bfb390a727875338cf556d3b6f79_<http://www.bookdepository.com/author/David-Walsh>,The Program,David Walsh
node1bbbe1d431dc1cd649bc5e62cc286f9_<https://www.kirkusreviews.com/book-reviews/gregg-hurwitz/the-program-2/>,THE PROGRAM,Gregg Hurwitz
node3920b3623f38e6a5f5af1e9d20b5bf_<http://www.harpercollins.com/books/9780060530419>,The Program,by Gregg Hurwitz
nodec1824fc23f8ab47370124bb479222c_<http://www.harpercollins.com/books/9780060530419>,The Program,by Gregg Hurwitz
nodec9fe9b47e9479113510ad4f726d64_<https://itunes.apple.com/us/book/id449868241?ign-mpt=uo%3D4>,The Program,Suzanne Young
nodefd2a6482fb9ff03031bf224d25f43c9_<http://www.alibris.com/booksearch?qwork=5403281&qcond=6&matches=34&qsort=p&cm_sp=1rec-_-RHS-_-p1-0>,The Program,http://www.alibris.com/booksearch?qwork=5403281&qcond=6&matches=34&qsort=p&cm_sp=1rec-_-RHS-_-p1-0//search/books/author/Stephen-Walsh-White?aid=5408548
nodea4e19fdaf57572b38e8b27596b0fc9d_<https://www.kirkusreviews.com/book-reviews/suzanne-young/program/>,THE PROGRAM,Suzanne Young
node1484a6ca5885e522cebfe2939eda7_<http://www.harpercollins.com/books/9780060786427>,The Program,by Gregg Hurwitz
nodef550956fa16b41d49967e0496e924f_<http://www.abebooks.com/products/isbn/9780316926348/9061569694>,Brideshead Revisited,"Waugh, Evelyn"
nodea8724a8cdd23428bfc2e1fa8fca48ac_<http://bookoutlet.com/Store/Browse/_/N-954>,Brideshead Revisited,"Waugh, Evelyn"
nodebfe1657bdd557c9d88c9e0f388935ce2_<https://www.kirkusreviews.com/book-reviews/evelyn-waugh/brideshead-revisited/>,BRIDESHEAD REVISITED,Evelyn Waugh
nodeb7138d509b2646c2f7e81dcbcdc1136_<http://www.bookfinder.com/book/0316926345/>,Brideshead Revisited,"Waugh, Evelyn"
noded4cfe1f7f87c951447836b669aa6c_<http://www.bookdepository.com/Brideshead-Revisited-Evelyn-Waugh/9780316041560>,Brideshead Revisited,http://www.bookdepository.com/author/Evelyn-Waugh Evelyn Waugh
node5feb2df25dc569e4c23cd4c5d3e8ad1_<http://www.abebooks.com/products/isbn/9781602834866/9542435704>,Brideshead Revisited,Evelyn Waugh
nodeb39b79c1545b04040b3a2da9738ae_<https://www.bookshare.org/browse/book/588849?returnPath=L2Jyb3dzZS9hdXRob3I%252FbW9kdWxlTmFtZT1wdWJsaWMma2V5PUV2ZWx5biBXYXVnaCZyZXN1bHRzVmlldz1UQUJMRQ%253D%253D>,Brideshead Revisited,Evelyn Waugh
node211bb585dd8ea140e6294f03eb428de_<http://brothersjudd.com/index.cfm/fuseaction/reviews.detail/book_id/948>,Brideshead Revisited,http://brothersjudd.com/index.cfm/fuseaction/reviews.detail/book_id/948/index.cfm/fuseaction/reviews.authlist/author_id/784
node177b22fd5add714c655c3be1523af_<http://www.bookdepository.com/Decline-Fall-No-2-Evelyn-Waugh/9780141193427?b=-3&t=-20>,Brideshead Revisited,Evelyn Waugh
nodeed789da1d17eab6c27ea0968899db_<http://isbndb.com/author/nigel_havers>,Brideshead Revisited,http://isbndb.com/author/waugh_evelyn http://isbndb.com/author/nigel_havers
node45704e9fb82749b96d9148b84db967e_<http://www.powells.com/book/brideshead-revisited-9780316216456>,Brideshead Revisited,Evelyn Waugh
node911acd9ade8be1a935a6597617d2dc35_<http://www.abebooks.com/book-search/title/brideshead-revisited/author/waugh/page-1/>,Brideshead Revisited,"Waugh, Evelyn"
node9dd5751f83e8346438d35277e5c2f847_<http://www.abebooks.com/book-search/title/brideshead-revisited/author/waugh/page-1/>,Brideshead Revisited,"Waugh, Evelyn"
node4f6c87f7e4462dce8a5228df496ecee_<http://www.abebooks.com/book-search/title/brideshead-revisited/author/waugh/page-1/>,Brideshead Revisited,"Waugh, Evelyn"
nodec6a4ae6c807228afd4f3d6f3a716ee_<http://www.abebooks.com/book-search/title/brideshead-revisited/author/waugh/page-1/>,Brideshead Revisited,"Waugh, Evelyn"
node83b0248442c0c83ca86b9e2c7ba336_<http://www.abebooks.com/book-search/title/brideshead-revisited/author/waugh/page-1/>,Brideshead Revisited,"Waugh, Evelyn"
node123dad2e4d8ee47dd6c0dfe1d824977a_<http://www.abebooks.com/book-search/title/brideshead-revisited/author/waugh/page-1/>,Brideshead Revisited,"Waugh, Evelyn"
node9251edbefb2c45d56835e4728a7084d8_<http://www.abebooks.com/book-search/title/brideshead-revisited/author/waugh/page-1/>,Brideshead Revisited,Evelyn Waugh
node2d7ea05242fdd99bcf129def24324e2e_<http://www.abebooks.com/book-search/title/brideshead-revisited/author/waugh/page-1/>,Brideshead Revisited,"Waugh, Evelyn"
nodebf35edc3dcbdfbb5454dfa508e1c218_<http://www.abebooks.com/book-search/title/brideshead-revisited/author/waugh/page-1/>,Brideshead Revisited,Evelyn Waugh
nodefad0a67aca50a746932096572b4cd13_<http://www.abebooks.com/book-search/title/brideshead-revisited/author/waugh/page-1/>,Brideshead Revisited,"Waugh, Evelyn"
node28b94d989916b8854d367c79a80d443_<http://www.abebooks.com/book-search/title/brideshead-revisited/author/waugh/page-1/>,Brideshead Revisited,"Waugh, Evelyn"
nodec0a2ee7cc91ebaa87227eba63345221f_<http://www.abebooks.com/book-search/title/brideshead-revisited/author/waugh/page-1/>,Brideshead Revisited,Evelyn Waugh
nodec0c049ff83bc5d99603e7c2c852afa_<http://www.abebooks.com/book-search/title/brideshead-revisited/author/waugh/page-1/>,Brideshead Revisited,"Waugh, Evelyn"
node354ed31aeddc518ec73df1c1474f1596_<http://www.abebooks.com/book-search/title/brideshead-revisited/author/waugh/page-1/>,Brideshead Revisited,"Waugh, Evelyn"
node6c6e15d46c9eb31527848e92985dc2be_<http://www.abebooks.com/book-search/title/brideshead-revisited/author/waugh/page-1/>,Brideshead Revisited,"Waugh, Evelyn"
nodeb65e33f46cd5a4789790b790bc13c375_<http://www.abebooks.com/book-search/title/brideshead-revisited/author/waugh/page-1/>,Brideshead Revisited,"Waugh, Evelyn"
node91993ed5bbea48be2d9655a6316aac_<http://www.brothersjudd.com/index.cfm/fuseaction/reviews.detail/book_id/948/Brideshead%20R.htm>,Brideshead Revisited,http://www.brothersjudd.com/index.cfm/fuseaction/reviews.detail/book_id/948/Brideshead%20R.htm/index.cfm/fuseaction/reviews.authlist/author_id/784
nodeed9686aaf493305c0f199ca2bfc1fa5_<http://modernmrsdarcy.com/2013/04/7-books-i-read-over-and-over-again/>,Brideshead Revisited,http://modernmrsdarcy.com/authors/evelyn-waugh/
node7e5f781d11838d41213574468e0a1de_<http://brothersjudd.com/index.cfm/fuseaction/reviews.detail/book_id/948/Brideshead%20R.htm>,Brideshead Revisited,http://brothersjudd.com/index.cfm/fuseaction/reviews.detail/book_id/948/Brideshead%20R.htm/index.cfm/fuseaction/reviews.authlist/author_id/784
node9c5987fa4e659623a165db9d93216d5_<http://www.anobii.com/books/Abhorsen/9788842913030/01af8afeee3dd4b36e>,Abhorsen,http://www.anobii.com/books/Abhorsen/9788842913030/01af8afeee3dd4b36e//contributors/Garth_Nix/345935
node1baac97ef49c5be303ca6952bfd6699_<https://www.bookshare.org/browse/book/359914?returnPath=L2Jyb3dzZS9hdXRob3I%2FbW9kdWxlTmFtZT1wdWJsaWMma2V5PUdhcnRoIE5peA%3D%3D>,Abhorsen,Garth Nix
nodefef38d1eef4a5eec5b793d996d14765_<http://www.anobii.com/books/Abhorsen/9788850212545/016cfaf2c03e1a86f2>,Abhorsen,http://www.anobii.com/books/Abhorsen/9788850212545/016cfaf2c03e1a86f2//contributors/Garth_Nix/345935
node392c6c55158fea123a64c44d7c0798_<http://www.bookdepository.com/category/307/Childrens-Literature-Studies-General/>,Abhorsen,Garth Nix
node179d862bedb7ed8dc36889179f4f4c7_<https://www.kirkusreviews.com/book-reviews/garth-nix/abhorsen/>,ABHORSEN,Garth Nix
nodebd46d5b86ee4bd52b864f5a9ada5364_<http://www.bookdepository.com/author/Garth-Nix>,Abhorsen,Garth Nix
node6bab5bd99a84bcb329f69e4cd3358196_<http://www.powells.com/book/abhorsen-03-abhorsen-9780060278250>,Abhorsen 03 Abhorsen,Garth Nix
node33e45fb78bdbb172f039c710e720b94e_<https://www.bookshare.org/browse/book/24241?returnPath=L2Jyb3dzZS9ncmFkZT9tb2R1bGVOYW1lPXB1YmxpYyZvZmZzZXQ9MjUmZ3JhZGU9RUxFVkVOVEhfR1JBREU%253D>,The Abhorsen Trilogy,Garth Nix
nodeef89c8664db15774e8dacdbe745c161f_<https://www.bookshare.org/browse/book/24241?returnPath=L2Jyb3dzZS9jYXRlZ29yeT9tb2R1bGVOYW1lPXB1YmxpYyZrZXk9U2NpZW5jZSBGaWN0aW9uIGFuZCBGYW50YXN5Jm9mZnNldD0yNQ%3D%3D>,The Abhorsen Trilogy,Garth Nix
nodef484524c87cc4ab7efcf123165bfb8e8_<http://www.bookdepository.com/author/Garth-Nix>,The Abhorsen Chronicles,Garth Nix
nodef72bc4ac76837f22e19750c18a9159a1_<http://www.harpercollins.com/books/9780061441820>,The Abhorsen Chronicles,by Garth Nix
node1e30c1dc33d44c757e5f7c3bafa01ea7_<http://www.powells.com/book/sabriel-abhorsen-trilogy-9780606354998>,Sabriel (Abhorsen Trilogy),Garth Nix
node3d2513a2953fa413ba12a4cbb098f7_<http://www.harpercollins.com/books/9780060734190>,The Abhorsen Trilogy Box Set,by Garth Nix
nodeff5f2b36e16f247a4bdca1363017cdc7_<http://www.powells.com/book/abhorsen-01-sabriel-9780064471831>,Abhorsen 01 Sabriel,Garth Nix
nodeda85bedb9539c87ac34f7815a6d5f4e_<http://www.powells.com/book/abhorsen-02-lirael-9780060005429>,Abhorsen 02 Lirael,Garth Nix
nodebdfd8c1d74d9cfcb396f595ad405b10_<http://www.powells.com/book/abhorsen-02-lirael-adult-edition-9780060590161>,Abhorsen 02 Lirael Adult Edition,Garth Nix
nodef6a6963d7ac9d6dc61d7b08213f7a92_<http://www.bookdepository.com/author/Garth-Nix>,The Abhorsen Trilogy 3 Volume Boxed Set,Garth Nix
nodef469f89fec7dfaa3ca3de3b60d7aef4_<http://www.bookfinder.com/book/0613624688/>,Lirael (Turtleback School & Library Binding Edition) (Abhorsen Trilogy (Pb)),"Nix, Garth"
node49c6d394bfb0201456c7ee3ae9ef31_<http://www.bookdepository.com/Red-Queen-Matt-Ridley/9780060556570?b=-3&t=-21>,Sperm Wars,Robin Baker
node2e26249916fc32907331148c72a919ae_<http://isbndb.com/subject/professional_technical_professional_science_biological_aaaa5/books>,Sperm wars: the science of sex,http://isbndb.com/author/baker_robin
nodeb72a2fbce950809b51d1299a7ef019ce_<http://isbndb.com/author/jones_heather>,Sperm wars: the rights and wrongs of reproduction,http://isbndb.com/author/kirkman_maggie http://isbndb.com/author/jones_heather
nodee14afa6437281fc5b8fb2e536de8c1a8_<http://www.valorebooks.com/textbooks/sperm-wars-infidelity-sexual-conflict-and-other-bedroom-battles/9781560258483>,"Sperm Wars Infidelity, Sexual Conflict, And Other Bedroom Battles",http://www.valorebooks.com/textbooks/sperm-wars-infidelity-sexual-conflict-and-other-bedroom-battles/9781560258483//author/Baker%2C+Robin
noded9e6bc753c2eb0a6567a8098aa8be1e7_<http://www.bookdepository.com/category/375/Reference/?b=155&t=271>,The Oxford Dictionary of Saints,David Farmer
node18f6cb5199b8d65beb753fff05bb2bc_<http://www.bookdepository.com/author/David-Farmer>,The Oxford Dictionary of Saints,David Hugh Farmer
node2da9158a7e888ee91323b03cc36454b3_<http://philpapers.org/rec/WIETHU>,The Human Use of Human Beings,Norbert Wiener
nodef363e6c4e0a952ffd51df6dc4739cd80_<http://www.powells.com/book/the-human-use-of-human-beings-9780306803208>,The Human Use of Human Beings,Norbert Wiener
noded24331dc4c6d11f6ef4e8b477fc83_<http://www.bookdepository.com/category/401/Cybernetics-Systems-Theory/>,The Human Use of Human Beings,Norbert Wiener
node31dc4faa3e469324d498c0d5456fc6_<https://www.kirkusreviews.com/book-reviews/ruth-rendell/a-new-lease-of-death/>,A NEW LEASE OF DEATH,Ruth Rendell
nodeacb4a81b264f80bf8a62451dd5f6741e_<http://www.fictiondb.com/author/ruth-rendell~22946.htm>,A New Lease of Death / Sins of the Fathers,Ruth Rendell
nodee69315622592241ab19abc57bf7ec54_<https://www.kirkusreviews.com/book-reviews/michael-gregorio/days-of-atonement-2/>,DAYS OF ATONEMENT,Michael Gregorio
nodeb249b69e8414d332dcd10e6291c2aeb_<https://www.kirkusreviews.com/book-reviews/walter-jon-williams/days-of-atonement/>,DAYS OF ATONEMENT,Walter Jon Williams
node21ceee53907fd9ed6485d4598f8b57f_<http://www.fictiondb.com/author/ruth-rendell~22946.htm>,The Rottweiler,Ruth Rendell
nodea416927c9cff2a9d448456d491d94ab_<http://www.ew.com/article/2004/11/19/rottweiler>,The Rottweiler,Ruth Rendell
nodeec267dc6b4cf2d8a0f83adcc65fdf36_<https://www.bookshare.org/browse/book/21665?returnPath=L2Jyb3dzZS9hdXRob3I%2FbW9kdWxlTmFtZT1wdWJsaWMma2V5PVJ1dGggUmVuZGVsbCZvZmZzZXQ9MjU%3D>,The Rottweiler : A Novel,Ruth Rendell
node3d39bf76990355f715cb514301fa93_<http://www.valorebooks.com/textbooks/the-rottweiler-learning-about-dogs/9781560653950>,The Rottweiler (Learning about Dogs),http://www.valorebooks.com/textbooks/the-rottweiler-learning-about-dogs/9781560653950//author/Charlotte http://www.valorebooks.com/textbooks/the-rottweiler-learning-about-dogs/9781560653950//author/Wilcox
node1668ad02bba22bc61ed23d90516dc_<https://www.bookshare.org/browse/book/19046?returnPath=L2Jyb3dzZS9wb3B1bGFyP21vZHVsZU5hbWU9cHVibGljJm9mZnNldD02ODU3NQ%253D%253D>,The Rottweiler (Learning About Dogs),Charlotte Wilcox
node2056113ba19d6c994bd7fd3952fb6a59_<https://www.bookrenter.com/dog-owner-s-guide-to-the-rottweiler-dog-owner-s-guides-blackmore-1564651223-9781564651228>,Dog Owner's Guide to the Rottweiler (Dog Owner's Guides),https://www.bookrenter.com/dog-owner-s-guide-to-the-rottweiler-dog-owner-s-guides-blackmore-1564651223-9781564651228//joan-blackmore/textbooks-by
node8444f8f71fafec814b4b1962127f0_<http://www.abebooks.com/book-search/author/walt-whitman/pics/sortby/1/page-1/>,Franklin Evans; or the Inebriate. a Tale of the Times,"Whitman, Walt (Walter)"
nodeda84a6c20c3639a4844e7cbd5a98351_<http://isbndb.com/author/whitman_walt/books>,"Franklin Evans, or The inebriate: a tale of the times",http://isbndb.com/author/whitman_walt http://isbndb.com/author/hendler_glenn http://isbndb.com/author/castiglia_christopher
node67651e3db660d3a93c726034ac22e8_<http://isbndb.com/author/whitman_walt/books>,"Franklin Evans, or The inebriate: a tale of the times",http://isbndb.com/author/whitman_walt http://isbndb.com/author/hendler_glenn http://isbndb.com/author/castiglia_christopher
noded181f03dbcdc7a8549c2f28054423c20_<http://isbndb.com/author/whitman_walt/books>,"Franklin Evans, or The inebriate a tale of the times",http://isbndb.com/author/whitman_walt http://isbndb.com/author/hendler_glenn http://isbndb.com/author/castiglia_christopher
node35495681395af6a66e2dc9b4d85fdbf_<http://www.bookdepository.com/author/Brian-Greene>,Icarus at the Edge of Time,Brian Greene
node4d264714ce3a722c97bb70a9fef4d16_<https://www.bookrenter.com/immortal-beloved-a-novel-simon-1453839437-9781453839430>,Immortal Beloved: A Novel,https://www.bookrenter.com/immortal-beloved-a-novel-simon-1453839437-9781453839430//james-simon/textbooks-by
nodef69084c64194804382128136c8d564a7_<http://podiobooks.com/title/the-immortal/>,The Immortal,JJ Dewey
node728a6b48e228aa2ff0804f98cc3c16b6_<http://www.bookdepository.com/Lover-Reborn-J-R-Ward/9780451238283?b=-3&t=-26>,Immortal,J R Ward
nodeb14613a1e51fdc5faae8661249217d1_<http://www.bookdepository.com/My-Soul-Steal-Rachel-Vincent/9780373210275>,Immortal,Rachel Vincent
node3c73bcc0a815e6ae327d893160e3d26a_<http://www.bookdepository.com/Lover-Avenged-J-R-Ward/9780749955151>,Immortal,J. R. Ward
node3a6e27c193c9a7c2782a7b6682608f4b_<http://www.alibris.com/booksearch?qwork=6670297>,This Immortal,http://www.alibris.com/booksearch?qwork=6670297//search/books/author/Roger-Zelazny?aid=5577676
node50188d9f5f4104d8f5e72711c9382ba_<https://itunes.apple.com/be/book/immortal/id393740888?mt=11>,Immortal,Lauren Burd
node36f8f3cfe76c849980c0dcd44729ded2_<http://www.harpercollins.com/books/9780061859168>,Immortal,by Gillian Shields
node5b11bb824c4961c7f142e0debcc0e98_<https://www.kirkusreviews.com/book-reviews/diana-hewson/immortal-NArnWtVI/>,IMMORTAL,Diana Hewson
node7d2ef1222aa3861a4405b5d82705930_<http://www.bookdepository.com/Provided-You-Dont-Kiss-Me-Duncan-Hamilton/9780007247110>,Immortal,Duncan Hamilton
noded5e4ecb96d8367416d04b1532ce18b7_<http://www.bookdepository.com/Provided-You-Dont-Kiss-Me-Duncan-Hamilton/9780007247110>,Immortal,Duncan Hamilton
node47d335ae4442d6ead94ec752abf9a3_<https://www.bookshare.org/browse/book/9498/This+Immortal>,This Immortal,Roger Zelazny
node8f13e58eb3d02e86bd34697d56923d4_<http://www.fictiondb.com/author/roger-zelazny~38336.htm>,This Immortal,Roger Zelazny
nodedb466bff3b8eb6e7581920c036e1663_<http://www.harpercollins.com/books/9780061375804>,Immortal,by Gillian Shields
node37fe44bc1fa6f6d238cf3553e4e42a_<http://www.harpercollins.com/books/9780061375804>,Immortal,by Gillian Shields
node793638c9c3d1203544e01df68aacfa_<http://www.bookfinder.com/book/1595540423/>,The Immortal,"Hunt, Angela"
node921f7695329712e4ccf2f47b4849895_<http://www.harpercollins.com/books/9780061375835>,Immortal,by Gillian Shields
node24bc7fcbf21a1887ace958e2e0b66db1_<https://www.free-ebooks.net/ebook/Immortal>,Immortal,https://www.free-ebooks.net/ebook/Immortal//profile/563204/a-r-james
nodeafa7832a1dfb8d4882b2ee538ee4eb3d_<https://play.google.com/store/books/details?id=P1nG8Ji35CQC>,""" Revolution Is Not a Dinner Party ""@en_us","""Ying Chang Compestine""@en_us"
nodee19157fcd018f89871cca1542d3cac45_<https://www.bookshare.org/browse/book/42278?returnPath=L2Jyb3dzZS9wb3B1bGFyP21vZHVsZU5hbWU9cHVibGljJm9mZnNldD02Nzk1MA%253D%253D>,Revolution Is Not a Dinner Party,Ying Chang Compestine
node465de5ecc1172256ff2a4fa8b55461b_<https://www.kirkusreviews.com/book-reviews/ying-chang-compestine/revolution-is-not-a-dinner-party/>,REVOLUTION IS NOT A DINNER PARTY,Ying Chang Compestine
node307f431e5257ca49ffa6d8284c5cb20_<https://www.bookshare.org/browse/book/484253?returnPath=L2Jyb3dzZS9hdXRob3I%2FbW9kdWxlTmFtZT1wdWJsaWMma2V5PVBoaWxpcCBLLiBEaWNr>,Counter-Clock World,Philip K. Dick
node726b823bc812c736796963f17edbaf_<http://www.fictiondb.com/author/stephen-hunter~20630.htm>,Dirty White Boys,Stephen Hunter
node786e727ca5093979d30ada96428e36a_<https://www.bookshare.org/browse/book/325055?returnPath=L2Jyb3dzZS9hdXRob3I%252FbW9kdWxlTmFtZT1wdWJsaWMma2V5PVN0ZXBoZW4gSHVudGVy>,Dirty White Boys,Stephen Hunter
node929b15e739bd6f8cf675bfe4ccdfb_<http://www.ew.com/article/1994/12/23/dirty-white-boys>,Dirty White Boys,Stephen Hunter
nodeb0a37e12fa7418b74fdcce2211b4a67f_<https://www.waterstones.com/ebook/among-the-believers/v-s-naipaul/9781447209362>,Among the Believers: An Islamic Journey (eBook),V. S. Naipaul
node3df4434aaa415fec23d6785c375bca8b_<https://www.kirkusreviews.com/book-reviews/darren-shan/lord-loss/>,LORD LOSS,Darren Shan
nodef2d72a7db4928c2c8b8f2b811bb2d6_<http://www.powells.com/book/demonata-01-lord-loss-9780316114998>,Demonata 01 Lord Loss,Darren Shan
node5d457f7c7e89340111464a597396d25_<http://www.mtcspiritwear.com/>,The Warrior's Apprentice,"Lois McMaster Bujold, Mihaela Velina"
node4d27dcc818858320cfae7d904077f6b1_<https://www.bookshare.org/browse/book/297807?returnPath=L2Jyb3dzZS9wb3B1bGFyP21vZHVsZU5hbWU9cHVibGljJm9mZnNldD04NzQ3NQ%253D%253D>,The Warrior's Apprentice (Miles Vorkosigan #1),Lois Mcmaster Bujold
node4b92da1b4851939ebcc3c4e376e1c18_<http://bookoutlet.com/Store/Browse/_/N-3320Z3457/Ne-3265>,The Storyteller,"Picoult, Jodi"
node7da46d2651b71e364359f91d5f6ae37f_<http://www.bookdepository.com/bestof2013?b=938&t=2350>,The Storyteller,Jodi Picoult
nodeeaaaedf157cd998ed561fc518fda896_<http://www.alibris.com/booksearch?qisbn=9780312420284&qwork=6367466&qsort=p>,The Storyteller,http://www.alibris.com/booksearch?qisbn=9780312420284&qwork=6367466&qsort=p//search/books/author/Helen-Lane?aid=2851104 http://www.alibris.com/booksearch?qisbn=9780312420284&qwork=6367466&qsort=p//search/books/author/Mario-Vargas-Llosa?aid=5203768
nodee77de2a9086d587ea6d1e8b21a6_<http://www.bookdepository.com/author/Rabih-Alameddine>,The Storyteller,Rabih Alameddine
nodebd2b32c4a5df1bf138d32f8562fdca3_<http://www.bookdepository.com/Perfect-Match-Jodi-Picoult/9781444754582>,The Storyteller,Jodi Picoult
node96afab954da1bdc8dafc69de5e32ee9_<https://www.kirkusreviews.com/book-reviews/helen-lane/storyteller-4/>,THE STORYTELLER,Mario Vargas Llosa Helen Lane
nodec8ed68e989c7a323da3243d8e6e4ca8c_<https://www.bookshare.org/browse/book/624390/The%2BStoryteller>,The Storyteller,Jodi Picoult
node6b336c3b43ba28cdad888b9047638ec6_<http://www.alibris.com/The-Storyteller-Jodi-Picoult/book/23707651>,The Storyteller,http://www.alibris.com/The-Storyteller-Jodi-Picoult/book/23707651//search/books/author/Jodi-Picoult?aid=3947810
node7ec13a1c50a5b4f87f8533bd9c268a0_<http://www.fictiondb.com/author/jodi-picoult~27891.htm>,The Storyteller,Jodi Picoult
nodec85411c6dd99b75a8e5a32027b4b668_<http://www.ecampus.com/storyteller-jodi-picoult/bk/9781439102763>,The Storyteller,http://www.ecampus.com/storyteller-jodi-picoult/bk/9781439102763//search-results.asp?au=Picoult+Jodi
node1313fbd13b58cca825d3bf1ba4595c4_<https://www.kirkusreviews.com/book-reviews/antonia-michaelis/storyteller-michaelis/>,THE STORYTELLER,Antonia Michaelis Miriam Debbage
node53fa276b4bd57ed902f3f1c39408c9c_<http://www.chegg.com/textbooks/the-storyteller-1st-edition-9780140143492-0140143491?ii=3&trackid=6095d750&omre_ir=0&omre_sp=>,The Storyteller,Mario Vargas Llosa Helen Lane
noded7b0506c778af14dd70f4434b8ec2b4_<http://www.gradesaver.com/study-guides/S/>,The Storyteller,Saki (H.H. Munro)
node493f2be8cf5be36a8784d690679b7_<http://www.powells.com/book/the-storyteller-9781611736878>,The Storyteller,Jodi Picoult
node346796966b84301ac4194d565133b9bd_<http://www.chegg.com/textbooks/the-storyteller-1st-edition-9780312420284-0312420285?ii=2&trackid=deeaed54&omre_ir=1&omre_sp=>,The Storyteller,Mario Vargas Llosa Helen Lane
nodebbcc4c9a3503c601deadb7efa849c2_<https://www.kirkusreviews.com/book-reviews/joan-weisman/the-storyteller/>,THE STORYTELLER,Joan Weisman David P. Bradley
node72b4fd10ba177c9c74253969ab80cd50_<http://www.powells.com/book/the-storyteller-9780312420284>,The Storyteller,Mario Vargas Llosa and Helen Lane
node2645aacbc490a6d53123e42df1566d3_<http://www.ew.com/article/2013/02/22/storyteller>,The Storyteller,Jodi Picoult
nodef02fa9581a4df7c485aa21489b3e2868_<http://www.alibris.com/booksearch?qwork=23707651&cm_sp=2rec%20-_-RHS-_-s1-0>,The Storyteller,http://www.alibris.com/booksearch?qwork=23707651&cm_sp=2rec%20-_-RHS-_-s1-0//search/books/author/Jodi-Picoult?aid=3947810
nodefa14217dd5ec7011637091a6e9f451e9_<https://www.bookshare.org/browse/book/35944?returnPath=L2Jyb3dzZS9wb3B1bGFyP21vZHVsZU5hbWU9cHVibGljJm9mZnNldD00ODUyNQ%253D%253D>,How to Talk Dirty and Influence People: An Autobiography,Lenny Bruce
node73eb6e90be39db104bb4d95ac952c15_<https://www.bookshare.org/browse/book/35944?returnPath=L2Jyb3dzZS9hdXRob3I%252FbW9kdWxlTmFtZT1wdWJsaWMma2V5PUxlbm55IEJydWNl>,How to Talk Dirty and Influence People: An Autobiography,Lenny Bruce
nodee46b41df9a3d4a6fcc098603e50907d_<https://www.kirkusreviews.com/book-reviews/sean-mcmullen/the-centurions-empire/>,THE CENTURION'S EMPIRE,Sean McMullen
nodefb992dae80afd9bc7d4da8ee9ab1113_<https://www.bookrenter.com/christianity-the-first-three-thousand-years-macculloch-0670021261-9780670021260>,Christianity: The First Three Thousand Years,https://www.bookrenter.com/christianity-the-first-three-thousand-years-macculloch-0670021261-9780670021260//diarmaid-macculloch/textbooks-by
nodedb771513df9279f09b2774452944e514_<http://www.powells.com/book/three-thousand-years-of-chinese-painting-9780300094473>,Three Thousand Years of Chinese Painting,Richard M. Barnhart and Yang Xin and Nie Chongzheng
noded43b7f16c52177b634cf526d3e7fe8a_<http://www.bookdepository.com/author/William-L-Holladay>,The Psalms through Three Thousand Years,William Lee Holladay
nodeb829b1ade6b396a18a3c7f7c3f0388_<http://www.bookdepository.com/author/William-L-Holladay>,The Psalms Through Three Thousand Years,William L. Holladay
node98e26f425022311fc97c2f7a2295393f_<http://www.powells.com/book/sunflower-splendor-three-thousand-years-9780253355805>,Sunflower Splendor Three Thousand Years,Wu Chi Liu
nodea42de6d48ab5ab33fa67eeedd0e83a_<http://www.bookdepository.com/Christianity-Professor-Diarmaid-MacCulloch/9780670021260>,Christianity : The First Three Thousand Years,Professor Diarmaid MacCulloch http://www.bookdepository.com/author/Professor-Diarmaid-MacCulloch
node5c6dcdfb946b52a425d902295b19a9b_<http://www.bookdepository.com/History-Christianity-Diarmaid-MacCulloch/9780141021898?b=-3&t=-26>,A History of Christianity : The First Three Thousand Years,Diarmaid MacCulloch http://www.bookdepository.com/author/Diarmaid-MacCulloch
node2f38ee67c8a2558d3ab1ac6abed747_<http://www.bookdepository.com/History-Christianity-Diarmaid-MacCulloch/9780141021898?b=-3&t=-20>,A History of Christianity : The First Three Thousand Years,Diarmaid MacCulloch http://www.bookdepository.com/author/Diarmaid-MacCulloch
node30f547336610c4d693af5499ccba0_<http://isbndb.com/author/connah_graham>,Three Thousand Years in Africa: Man and his environment in the Lake Chad region of Nigeria (New Studies in Archaeology),http://isbndb.com/author/connah_graham
node47ede1e21ee1197da0d0a7fadbb7d1f7_<http://isbndb.com/author/connah_graham>,Three thousand years in Africa: man and his environment in the Lake Chad area of Nigeria,http://isbndb.com/author/connah_graham
