,id,title
0,Q17017537,Darkest Mercy
1,Q7758496,The Program
2,Q6992413,Brideshead Revisited
3,Q1473891,Abhorsen
4,Q7576367,Sperm Wars
5,Q7115312,Oxford Dictionary of Saints
6,Q7740888,The Human Use of Human Beings
7,Q4658518,A New Lease of Death
8,Q5243363,Days of Atonement
9,Q7761599,The Rottweiler
10,Q5491492,Franklin Evans
11,Q7561595,Songs of the Great Dominion
12,Q5985110,Icarus at the Edge of Time
13,Q6005315,Immortal
14,Q13164900,A revolution is not a dinner party
15,Q1090238,Counter-Clock World
16,Q5281119,Dirty White Boys
17,Q4747544,Among the Believers
18,Q264571,Lord Loss
19,Q676256,The Warrior's Apprentice
20,Q7620485,Storyteller
21,Q5918795,How to Talk Dirty and Influence People
22,Q3202885,The Centurion's Empire
23,Q7797864,Three Thousand Years
