id,title,director
nodec32aad832350e6aab79981cc1728ba_<http://www.imdb.com/title/tt1376452/>,Stand,Tavis Smiley
nodefbbfb8b1cc26e627452bb4d9e4eca14c_<http://www.nytimes.com/movies/movie/212229/Stand-By/overview>,Stand-By,Roch Stephanik
node4fb446ccb8df9e5c58b74e2d8f2eba7_<http://www.watchfreemovies.ch/watch-tv-shows/1994/watch-the-stand-187327/>,The Stand,Mick Garris
node384c9be2d6e2e3ea74f562bd95aaac74_<http://www.themoviedb.org/movie/13519-the-stand>,The Stand,Mick Garris
node822d40ac775f56f095b95449a13cea2c_<http://www.hollywood.com/movies/6866275/the-stand>,The Stand,Josh Boone
node344aa8488c351e27e75bc97b718e48_<http://www.allocine.fr/film/fichefilm_gen_cfilm=25483.html>,Stand-by,Roch Stephanik
node3b702a2d209ab5b2b2b7a0fd2d7bbaa_<http://www.imdb.com/title/tt0234793/>,The Stand-In,Roberto Monticello
nodec9dcdd65d57f8e34a62fe25ab3bfe_<http://www.apunkachoice.com/titles/sta/stand-by/mid_37697/>,Stand By,http://www.apunkachoice.com/names/san/sanjay_surkar/cid_330222/
node71c8f5bb323649e646ed4e86fa15ecc_<http://www.imdb.com/title/tt0029605/>,Stand-In,Tay Garnett
nodedc59909095cf55650f2461ffc2fcd2b_<http://www.imdb.com/title/tt0486611/>,The Last Stand,Russ Parr
node7262a8639d1633141ebfbac786e08ad1_<http://www.imdb.com/title/tt0486611/>,The Last Stand,Russ Parr
nodef7f5b04bb78eb984bf2fc63a018213c_<http://www.redbox.com/movies/stand-off>,Stand Off,Terry George
node34798f93c894251cafd6f0e8438ca_<http://www.fandango.com/thelaststand_147741/movietimes?date=6/17/2007>,The Last Stand,Kim Jee-Woon
node7184e0428e87c5921f51a32952bddd_<http://www.fandango.com/thelaststand_147741/criticreviews?date=1/29/2013>,The Last Stand,Kim Jee-Woon
node40258950a1dcfba24228d1405c5a6476_<http://www.apunkachoice.com/titles/the/the-last-stand/mid_37964/photos/mopho_37964_2/photo.html>,The Last Stand,http://www.apunkachoice.com/names/jiw/ji_woon_kim/cid_310637/
nodeaf92c11f76aff1f0c64195995ac73f_<http://www.bigscreen.com/NowShowing.php?movie=53159&showdate=2013-01-25>,The Last Stand,Jee-woon Kim
node16872a1f108ba41bafbbf329d242c6e4_<http://bigscreen.com/NowShowing.php?movie=12051&view=info>,Stand By Me,Rob Reiner
node624dd9d33011944af7b5f65bed28cf89_<http://www.nytimes.com/movies/movie/462432/Stand-Off/overview>,Stand Off,Terry George
nodeddfc06b87b2e76e1c5a3f465378c4b_<http://www.metacritic.com/movie/the-last-stand?recent-sort=userscore&user_review_id=3137491>,The Last Stand,Ji-woon Kim
"nodee5f1ece2e69d3bd94e24df627e6b386_<http://www.gamona.de/kino-dvd/the-last-stand,filmkritik-pc:article,2217216.html>",The Last Stand,Kim Jee-woon
node91a5853b83361ef2a87c6f4e25558e_<http://www.fulltv.com.ar/peliculas/con-ganas-de-triunfar.html>,Stand and Deliver,Ramón Menéndez
node7434836d935e645d8d2850e288426d85_<http://www.the-numbers.com/movie/Stand-Off>,Stand Off,Terry George
node4690a3e55d2f29d077f8918462f90a3_<http://www.metacritic.com/movie/the-last-stand?recent-sort=userscore&user_review_id=2914290>,The Last Stand,Ji-woon Kim
node9bbc55b9d248c5ce156b362ad8f8e_<http://www.metacritic.com/movie/the-last-stand?user_review_id=2910203>,The Last Stand,Ji-woon Kim
node7ed18450a6e620351ff3ee3cf2922611_<http://www.bcdb.com/cartoon/36594-Stand_By_Me>,Stand By Me,Steve Moore
node32389753bb15b1ab7e8de69529dc8_<http://www.radiotimes.com/film/pxk2n/last-stand>,Last Stand,Kim Ji-woon
nodea50e026273be6981eeab8787d765eeb_<http://www.themoviedb.org/movie/98399-stand-by-for-action>,Stand by for Action,Robert Z. Leonard
node5e6b3ff9d8a17419aab7613515d71bc_<http://www.watchfreemovies.ch/watch-movies/1986/watch-stand-by-me-102384/>,Stand by Me,Rob Reiner
node932675951cc05ab487e737ab83cade85_<http://goodmovieslist.com/best-movies/best-movies-of-1980-1989.html>,Stand by Me,Rob Reiner
node9177a142fb6d1f27ad1ea5d6d7dedea_<http://www.fulltv.com.ar/peliculas/lecciones-inolvidables.html>,Stand and Deliver,Ramón Menéndez
node43ee490f0231be14248f9ca42782411_<http://parentpreviews.com/movie-reviews/review/last-stand>,The Last Stand,Jee-woon Kim
node83ebe551f5e5c67749ab31f27ff2e5f7_<http://www.metacritic.com/movie/last-stand?recent-sort=userscore&user_review_id=3176386>,The Last Stand,Ji-woon Kim
node64754facdb59252b41d6d219c32cf8a_<http://www.metacritic.com/movie/the-last-stand?recent-sort=userscore&user_review_id=3121793>,The Last Stand,Ji-woon Kim
node6ad4ba71e4d65f38a62e1745cb38f8_<http://shotonwhat.com/cameras/arri-alexa-plus-camera>,The Last Stand,Kim Jee-woon
node9b3203a0a4f786f0b39694fe9f3a7a_<http://bigscreen.com/NowShowing.php?movie=12051&view=sched>,Stand By Me,Rob Reiner
nodee86c8b3e26b61cd9e109f7fcc5b2092_<http://www.metacritic.com/movie/the-last-stand?recent-sort=userscore&user_review_id=2908527>,The Last Stand,Ji-woon Kim
node1bb6b1609da83a2144fc2448f197d79_<http://www.metacritic.com/movie/the-last-stand?user_review_id=2908527>,The Last Stand,Ji-woon Kim
nodea85f97ea0f977588bd54a3bc6fde878_<http://www.imdb.com/title/tt1736050/>,The Stand Up,David Wexler
noded4cb78b0123af4ba5b7013ebf73fada0_<http://ok.com/movies/119717/The-Last-Stand>,The Last Stand,Kim Jee-woon
node41257255eb987ddef9a85c8a16e45a9_<http://www.bigscreen.com/NowShowing.php?movie=53159&view=sched>,The Last Stand,Jee-woon Kim
node66a67d6fe1053753b392501efdf79e_<http://www.bigscreen.com/NowShowing.php?movie=155569&view=sched>,Stand Off,Chris R. Notarile
nodea9cdf77f7dbf5d2fdfbafdf1d2ac52da_<http://www.fulltvfilms.com/stand-up.html>,Stand Up,Joseph Pierce
nodee81e87c416c551b3a4812ade6b75f58_<http://www.imdb.com/title/tt0025857/>,Take the Stand,Phil Rosen
noded176861f643777c5a0db4561ec29136f_<http://www.nytimes.com/movies/movie/460936/The-Last-Stand/overview>,The Last Stand,Kim Jee-woon
node875fad29a4814802cd87ebf5e89c39c_<http://musicmazaa.com/telugu/lyrics/read/movie/Namo+Venkatesa/Namo+Venkatesa.html>,Namo Venkatesa,http://musicmazaa.com/telugu/lyrics/read/movie/Namo+Venkatesa/Namo+Venkatesa.html/#Sreenu+Vytla
node7b99ffffae05ebd18d8186f43e8c17_<http://www.apunkachoice.com/titles/nam/namo-venkatesa/mid_34587/>,Namo Venkatesa,http://www.apunkachoice.com/names/sri/srinu_vytla/cid_305793/
noded513ddea839b697fe9cdc679839d4f13_<http://musicmazaa.com/telugu/audiosongs/movie/Namo+Venkatesa.html>,Namo Venkatesa,http://musicmazaa.com/telugu/audiosongs/movie/Namo+Venkatesa.html/#Sreenu+Vytla
nodeab69c77799fc4caf1bd371a61aa74cc4_<http://www.imdb.com/title/tt0315411/>,Claustrophobia,Mark Tapio Kines
nodec3cec7cae7bd841e3de882eb144dcca_<http://www.allocine.fr/film/fichefilm_gen_cfilm=144347.html>,Claustrophobia,Ivy Ho
nodeb64ac581d16f457269a259274d71a6_<http://www.imdb.com/title/tt0315411/?ref_=nm_flmg_act_49>,Claustrophobia,Mark Tapio Kines
node8946daadc451c26d5637ee2036964a54_<http://www.virtual-history.com/movie/film/6605/reuben-reuben>,"Reuben, Reuben",Robert Ellis Miller
nodec594ddc9c9593870e51ce6336f26e2c_<http://www.imdb.com/title/tt0084591/?ref_=tt_rec_tti>,"Reuben, Reuben",Robert Ellis Miller
node2b83e1db198de7c74af6b6ad12b46e_<http://www.imdb.com/title/tt0406951/>,Suburban Secrets,Joseph W. Sarno
node86e1b59c647b546f9efebac2d41b65_<http://www.imdb.com/title/tt0027690/>,The Gorgeous Hussy,Clarence Brown
nodefdf5bc2ca2682ede6d0bc375b15bdf5_<http://www.nytimes.com/movies/movie/20387/The-Gorgeous-Hussy/overview>,The Gorgeous Hussy,Clarence Brown
nodec7d878ef592d93e1a0132abbcec398_<http://www.hollywood.com/movies/5055593/the-gorgeous-hussy>,The Gorgeous Hussy,Clarence Brown
node39a7c94c76430b8f46c26250414bc9_<http://www.movieposterdb.com/movie/0027690/The-Gorgeous-Hussy.html>,The Gorgeous Hussy,Clarence Brown
node602c11e99f618f842788dddea3a1e22c_<http://www.themoviedb.org/movie/112284-the-gorgeous-hussy>,The Gorgeous Hussy,Clarence Brown
node5a9c7c7b19d68dd389e41c46710ce_<http://www.movieposterdb.com/movie/0039286/Crossfire.html>,Crossfire,Edward Dmytryk
nodefc4bbaa140e6c96bbb24024b91de5_<http://www.movieposterdb.com/movie/0039286/Crossfire.html>,Crossfire,Edward Dmytryk
node8216f98b6969a784c818b6b3cc982a_<http://www.movieposterdb.com/poster/fe610e45>,Crossfire,Edward Dmytryk
nodece88e3f851deccc81755d6a64196d33e_<http://www.movieposterdb.com/poster/241c8ef9>,Crossfire,Edward Dmytryk
node8d1e9ade81f35651709c8f86239b8e41_<http://www.movieposterdb.com/poster/bab2cd1e>,Crossfire,Edward Dmytryk
node752a29d48c447c22a48eab3cf1ca4edf_<http://www.movieposterdb.com/poster/1b92b9c6>,Crossfire,Edward Dmytryk
nodeedfa4376d1c9ab73e8bed38fc555396_<http://www.movieposterdb.com/poster/828b83cb>,Crossfire,Edward Dmytryk
node90ada37718dd94cc2612d632b3f5d362_<http://www.movieposterdb.com/poster/55d4ba87>,Crossfire,Edward Dmytryk
node60ecc7311ab6195b5305be0b32bb653_<http://www.movieposterdb.com/poster/f26f80ab>,Crossfire,Edward Dmytryk
nodec9d64a9261c872126eae5801552c6a_<http://www.movieposterdb.com/poster/de313980>,Crossfire,Edward Dmytryk
node3f217cf1cd86df79dd3f324db4e6ee35_<http://www.movieposterdb.com/poster/cfda289d>,Crossfire,Edward Dmytryk
node7c2c882b412ff2889adc79e58bcc748_<http://www.movieposterdb.com/poster/bd52e766>,Crossfire,Edward Dmytryk
node43e46dbae13da8cc1ae32130f634bfff_<http://www.movieposterdb.com/poster/e41455de>,Crossfire,Edward Dmytryk
node6bda0e292173bd650cdafa7440ef8c_<http://www.movieposterdb.com/poster/6b62e8b5>,Crossfire,Edward Dmytryk
nodef163326638b79a72daa8bdafb075c1f6_<http://www.movieposterdb.com/poster/24c9a1a3>,Crossfire,Edward Dmytryk
node4931daa59fd641398aa5d3746d90686_<http://www.movieposterdb.com/poster/6c912820>,Crossfire,Edward Dmytryk
noded67ba939e5306a5a261bf67a4534d1b0_<http://www.movieposterdb.com/poster/bd52e766/>,Crossfire,Edward Dmytryk
node83c21285d05377cc571c5ad8c2ad69_<http://www.movieposterdb.com/poster/f6d05a2a>,Crossfire,Edward Dmytryk
node1478905d731be27dd53589d7a9a0c2a2_<http://www.movieposterdb.com/poster/8c2fd932>,Crossfire,Edward Dmytryk
node7874bbe1abfc082a64976479d7b2e67_<http://www.movieposterdb.com/poster/5aca4885>,Crossfire,Edward Dmytryk
nodebc7bf3fe1dbc7c48c6b014c680aff0_<http://www.movieposterdb.com/poster/e72d18f2>,Crossfire,Edward Dmytryk
node82d4d1d293a43ec3770ade2d07dd8a3_<http://www.movieposterdb.com/poster/ab5ae547>,Crossfire,Edward Dmytryk
node8c2748dc8a80808a9c17677a1aac379_<http://www.movieposterdb.com/poster/151f6110>,Crossfire,Edward Dmytryk
nodecfa240e387d6677d3e2980e44523748_<http://www.traileraddict.com/crossfire-hurricane>,Crossfire Hurricane,Brett Morgen
nodef73b59f28ce35ebbc25bc8df5e206d29_<http://www.bigscreen.com/NowShowing.php?movie=141918>,Crossfire Hurricane,Brett Morgen
node62d3333fff71d7c9bbc8dcae2edc7870_<http://www.traileraddict.com/caught-in-the-crossfire>,Caught in the Crossfire,Brian A Miller
node735698f840581eaee2b3973d59a8dfd_<http://www.imdb.com/title/tt0266870/>,"Crossfire ""Kurosufaia"" (original title)",Shûsuke Kaneko
node88677149b7d55286ec388d8e48633d5a_<http://www.videofutur.fr/viewTitleDetails.do?titreId=102587>,Feux crois�s(Crossfire)deEdward Dmytryk,Edward Dmytryk
node34889d94921cc286b219bc44d46d1b6_<http://www.sho.com/sho/movies/titles/139980/politics-of-love>,Politics of Love,William Dear
node2815b0f59b255166a2e0c4d97c96_<http://www.fandango.com/thepoliticsoffur_70832/castandcrew>,The Politics of Fur,Laura Nix
node3c938371b533f4854012dc81f1566d2a_<http://www.imdb.com/title/tt1444270/>,Politics of Love,William Dear
node2e3b3a44b6431ed7d96ce2efecb7a8c1_<http://www.sensacine.com/peliculas/pelicula-196803/>,Politics of Love,William Dear
node5991629344dacd663be8b4130f4712d_<http://www.bigscreen.com/NowShowing.php?movie=120630>,Politics of Love,William Dear
nodeaca7ea34fc3110de78c79748461682f2_<http://www.traileraddict.com/love-and-politics>,Love and Politics,Azad Jafarian
nodeac4dff8eb6f58752a31ed3e56f7551c_<http://www.imdb.com/title/tt1158761/>,Politics of the Heart,Nancy Nicol
nodec251e665b335403e127584429d66b014_<http://azadjafarian.com/>,Love and Politics,AZAD JAFARIAN
node22bddedf305c34d02897b3407d7283b_<http://www.traileraddict.com/politics-of-love>,Politics of Love,William Dear
node9b2a33eef541e395c3391c4d262385da_<http://www.nytimes.com/movies/movie/435794/The-Politics-of-Cancer-A-Study-in-Chaos/overview>,The Politics of Cancer: A Study in Chaos,Andrzej I. Krakowski
nodeec345c419ccd43a4d115608e3f1ea154_<http://cine.ch/film/pastry-pain-politics>,"Pastry, Pain & Politics",Stina Werenfels
noded6bcdcb4f574869a6fceab7e4106279_<http://www.adultdvdtalk.com/review/office-politics-3rd-degree>,Office Politics (3rd Degree),Miles Long
node45566dacd27925b398113fce8d862f_<http://www.sho.com/sho/reality-docs/titles/137149/beyond-gay-the-politics-of-pride>,Beyond Gay: The Politics of Pride,Bob Christie
node42fbb6bbfbd927a966bb3d53b4462683_<http://www.traileraddict.com/beyond-gay-politics-pride>,Beyond Gay: The Politics of Pride,Bob Christie
nodef76297a3888d96174f23d325a8bb854_<http://www.nytimes.com/movies/movie/437895/The-Legacy-Murder-Media-Politics-Prisons/overview>,"The Legacy: Murder & Media, Politics & Prisons",Michael J. Moore
node7ae0dc6f5c1f8744145bbea1a5108043_<http://www.fandango.com/cheguevara:politicsloveandrebellion_109694/movieoverview>,"Che Guevara: Politics, Love, and Rebellion",Teresita Gomez
nodecbf5743a3eff973fadc1637f33ec9ced_<http://www.hollywood.com/movies/6071717/the-legacy-murder-media-politics-prisons>,"The Legacy: Murder & Media, Politics & Prisons",Michael J Moore
noded7be20e439b2108a6c7fc791b1f9647_<http://www.traileraddict.com/30-percent-women-and-politics-in-sierra-leone>,30% (Women and Politics in Sierra Leone),Anna Cady Emily Cooper
nodeeccb357fba66d18745927d3ec6acdbc_<http://www.bcdb.com/cartoon/150770-30_(Women_and_Politics_in_Sierra_Le>,30% (Women and Politics in Sierra Leone),Anna Cady
node77dc5cfc92163d7945aadaa72de8e9e6_<http://www.metacritic.com/movie/the-power-of-nightmares-the-rise-of-the-politics-of-fear>,The Power of Nightmares: The Rise of the Politics of Fear,Adam Curtis
nodefac8165195a559a3a75064d027cfa772_<http://www.imdb.com/title/tt1525792/>,American Politics All You Can Eat,Jordi Ortega
nodec02e7670f75a6cd69ab9d91e1444be_<http://www.imdb.com/title/tt0978688/>,"Politics Mate - Before and After, The: Third Film from Recollections about Sea Fishing ""Pompolitite - predi i sled"" (original title)",Georgi Djulgerov
node0a16bb34a2fa8811ea87a34cd77435a_<http://www.imdb.com/title/tt0117030/>,"The Blue Collar Worker and the Hairdresser in a Whirl of Sex and Politics ""Metalmeccanico e parrucchiera in un turbine di sesso e di politica"" (original title)",Lina Wertmüller
node244b988f6013fedbe4e67cb91e8fc82_<http://www.imdb.com/title/tt0117030/>,"The Blue Collar Worker and the Hairdresser in a Whirl of Sex and Politics ""Metalmeccanico e parrucchiera in un turbine di sesso e di politica"" (original title)",Lina Wertmüller
node86505538a022e28364b9ff60edfbf9cf_<http://www.acunn.com/sinema/besinci-emir-olum/379686>,El quinto mandamiento Beşinci Emir: Ölüm,Rafael Lara
nodedac79e3c793914ba03aecaddc5b4a1_<http://www.apunkachoice.com/titles/azh/azhagar-malai/mid_30388/>,Azhagar Malai,http://www.apunkachoice.com/names/spr/s_p__rajkumar/cid_332174/
node69b5ace81b75dda26f194bdc46b169_<http://spicyonion.com/movie/azhagar-malai/>,Azhagar Malai Banu Nepolian Vadivelu RK Sona,Rajakumar
node2dc93c68e5f241d32f9322bf841ceef3_<http://www.themoviedb.org/movie/12818-everybody-wants-to-be-italian>,Everybody Wants to Be Italian,Jason Todd Ipson
noded94b47a1b837db69f3baecd434a6b98b_<http://www.fandango.com/everybodywantstobeitalian_111007/moviephotosposters?ImageId=226954>,Everybody Wants to Be Italian,Jason Todd Ipson
nodeffd3d54f9dfcb2b7f1348d89476fec_<http://www.traileraddict.com/everybody-wants-be-italian>,Everybody Wants to Be Italian,Jason Todd Ipson
node4884c2fdc5342a19796de42de1d93b92_<http://www.imdb.com/title/tt0111625/>,Vijaypath,Farogh Siddique
node93dce631fff1a5ee8bf392b86ee2aae_<http://www.apunkachoice.com/titles/vij/vijaypath/mid_17916/>,Vijaypath,http://www.apunkachoice.com/names/far/farogh_siddique/cid_181528/
node6a12c4a1e15b95179e3ab7de55f4af_<http://www.apunkachoice.com/titles/vij/vijaypath/mid_17916/fanclub/>,Vijaypath,http://www.apunkachoice.com/names/far/farogh_siddique/cid_181528/
node70a39426e4ae34753fec44656f9ff0_<http://www.themoviedb.org/movie/103800-vijaypath>,Vijaypath,Farogh Siddique
node7dacac7cbd0c03174b2cd697e7116d2_<http://twomovies.us/watch_movie/Vijaypath>,Watch Vijaypath (1994) movie Online,http://twomovies.us/actor_director/Farogh_Siddique
nodea4e4940779f438b84bae2b9d5aa6d7_<http://www.imdb.com/title/tt0082210/>,El crack,José Luis Garci
node1bddedfa437e602397cc8779e6f8673e_<http://www.imdb.com/title/tt0082210/>,El crack,José Luis Garci
node184dd975d92cbb8da56c51e2c4fe2dc1_<http://www.fulltv.com.ar/peliculas/el-crack.html>,El crack,José Martínez Suárez
node4ac2ca84d9e26b9c5723511e84d4684_<http://musicmazaa.com/telugu/audiosongs/movie/Kamli.html>,Kamli,http://musicmazaa.com/telugu/audiosongs/movie/Kamli.html/#K.N.T.+Sastry
nodeb6f79ecfea126c621b6ec35ff6e769_<http://www.lyricsmasti.com/song/3992/get_lyrics_of_Kamli-Kamli.html>,Kamli Kamli,Aadesh Shrivastava
node2d3c2b761e73c36ffb1471381f6cdd_<http://www.nytimes.com/movies/movie/388121/Black-Irish/overview>,Black Irish,Brad Gann
nodedb753a3f275155ddc942fb16e2668b8a_<http://www.traileraddict.com/black-irish>,Black Irish,Brad Gann
node1aaaf23b1ced0954ab911cd49137114_<http://www.nytimes.com/movies/movie/119277/The-Quarrel/overview>,The Quarrel,Eli Cohen
node25332c717a9a9e5dcc41f1112adb5dce_<http://www.imdb.com/title/tt0105200/>,The Quarrel,Eli Cohen
nodeed82197532d0ff372d5bfbbc3a31548_<http://www.imdb.com/title/tt0057714/>,"""Zatôichi kenka-tabi"" (original title) Zatoichi on the Road",Kimiyoshi Yasuda
node2d95cd9c3b585a7c5f8c48607b595aa2_<http://www.imdb.com/title/tt0092842/?ref_=nm_flmg_msc_8>,Dead of Winter,Arthur Penn
nodeeb829bf8f7b6b9f27c79c2b842675efc_<http://bigscreen.com/NowShowing.php?movie=104477&view=sched>,Dead of Winter,Arthur Penn
node76a4a3efe51650d6ead4219f93ab26b_<http://bigscreen.com/NowShowing.php?movie=104477>,Dead of Winter,Arthur Penn
node29f41b1e8df972151e78418bf46e81f1_<http://www.movieposterdb.com/poster/388c62f1>,Dead of Winter,Arthur Penn
node6922ed513adc11c16fbaf2470e5e6f0_<http://www.fulltv.com.ar/peliculas/muerte-en-el-invierno.html>,Dead of Winter,Arthur Penn
nodecb1a88aabbc6f7b7b63ae0e0c4350db_<http://www.movieposterdb.com/poster/f149df61>,Dead of Winter,Arthur Penn
node6f2e3f8a8a3e7dc28cf4434dfb3311_<http://www.movieposterdb.com/poster/c9051f2c>,Dead of Winter,Arthur Penn
node2b697a23c0a58fcf5d1d2044378ed153_<http://www.movieposterdb.com/poster/da9e805f>,Dead of Winter,Arthur Penn
node492fbbacf82121f62694289a6693ab5_<http://www.imdb.com/title/tt0092842/?ref_=nm_flmg_act_101>,Dead of Winter,Arthur Penn
node68bdfb119f284e9f87c1d8c5fe310a5_<http://www.nytimes.com/movies/movie/12735/Dead-of-Winter/overview>,Dead of Winter,Arthur Penn
node177091d1b5af62f85495977f7db24db_<http://www.movieposterdb.com/poster/3f0792ff>,Dead of Winter,Arthur Penn
node53fbe95a239d928837417d53ca593d8_<http://www.movieposterdb.com/poster/155c7671>,Dead of Winter,Arthur Penn
nodef3cd8f787def9cc1a0505c9e609a192_<http://www.movieposterdb.com/poster/92a39ed1>,Dead of Winter,Arthur Penn
node42c31ca8a06e42dd60d7cbad6245b0a_<http://www.rogerebert.com/reviews/dead-of-winter-1987>,Dead of Winter (1987),Arthur Penn
b0,The Iron Lady There Will Be Blood The 40 Year-old Virgin The Object Of My Affection DCU: Batman: Assault on Arkham Frozen (Plus Bonus Features) Almost Married (2014) Leaves of Grass Evidence of a Haunting Rugrats Go Wild The Descent - Part 2 CANLI TVX James Bond - Der Mann mit dem goldenen Colt Sisterhood of the Traveling Pants 2 Dead Of Winter Polskie uczennice e21 - Karolina - Szybka akcja w internacie.mp4 Homies Class Act Lethal Weapon 4 Waiting for 'Superman' Warm Bodies Inside Job Dating Lanzelot filmSPOT Final Fantasy: The Spirits Within Petticoat Junction TV Pay It Forward The Matrix Lady And The Tramp A Stranger Among Us Solaris Toy Story Hairbrained Austenland Disney Princess Enchanted Tales: Follow Your Dream [SS-Eclipse] Shakugan no Shana S - 03 [480p] [h264] Jillian Michaels: 6 Week Six-Pack Snow Day Bikini Destinations Lima Peru Clerks Two Hats My Dad's Six Wives Cartagena The Blue Angel (Kino Restored Edition) (English Subtitled) Nobody Walks Elegant Angel Swallow My Squirt 2 [SPLIT SCENES] Road to Perdition Olympus Has Fallen Hawaiian Vacation (Short) Kinky Boots Bones Senior Skip Day Mr. Warmth: The Don Rickles Project Josh and S.A.M. Cop Out Sesame Street: The Best of Elmo 2 Paranormal Activity 3 Extended Version Now is Good J. Edgar Kolya (English Subtitled),b2 b7 b5 b9 b6 b8 b4 b3 b10 b11
node1d1990673a592387a87958df4798b880_<http://www.allocine.fr/film/fichefilm_gen_cfilm=211274.html>,An Adventure In Space and Time,Terry McDonough
node72dfd2d837f64fac2ad2ebe822a75023_<http://www.apunkachoice.com/titles/myd/my-dear-marthandan/mid_31283/>,My Dear Marthandan,http://www.apunkachoice.com/names/pra/prathap_k_pothan/cid_333106/
node91dacf3d17206c7f239eae48b8a5eb9_<http://www.fulltv.com.ar/peliculas/er-conde-jones.html>,Er Conde Jones,Benjamin Rausseo
nodeabd94e9d4e952fa5459d60d3dc133525_<http://www.nytimes.com/movies/movie/188185/After-Stonewall/overview>,After Stonewall,John Scagliotti
nodeb2b16369d096d2365beceea52614417e_<http://www.imdb.com/title/tt0244955/>,After Stonewall,John Scagliotti
nodeeef64fe6fe82ed1335354bd778ab225_<http://www.imdb.com/title/tt0244955/>,After Stonewall,John Scagliotti
node0d59843c35a92546823da2209df825_<http://www.imdb.com/title/tt1733275/?ref_=nm_flmg_msdp_31>,Rosario,Albert Martinez
nodeb4b5809388edf02ddbf8195343457d46_<http://www.themoviedb.org/movie/10810-rosario-tijeras>,Rosario Tijeras,Emilio Maillé
node8e67ce7991196d4af73cd7215be3ffe8_<http://www.filmesdetv.com/rosario-tijeras.html>,Rosario Tijeras,Emilio Maillé
node1bf998e495661abac3ebbfe9a5e18_<http://www.fulltv.com.ar/peliculas/rosario-tijeras.html>,Rosario Tijeras,Emilio Maillé
nodefa52accf13ceed15c56b6ef6265b2e8_<http://www.imdb.com/title/tt0382271/>,Rosario Tijeras,Emilio Maillé
node4875e8d0843a5aa3bbc255a92b511b4_<http://www.imdb.com/title/tt0102549/>,Nocturno a Rosario,Matilde Landeta
noded7eb2409113385819de3b58f8b990e5_<http://www.mejane.com/films/detail/19622/Zookeeper.html>,Kevin James Frank Coraci Zookeeper Rosario Dawson Leslie Bibb,http://www.mejane.com/films/detail/19622/Zookeeper.html//films/cast/2995/Frank-Coraci.html
node91e9f8a7ca4544a14f22e7b16ac1e5b_<http://www.imdb.com/title/tt0034770/?ref_=nm_flmg_act_190>,The Gay Sisters,Irving Rapper
noded6c82c119dc691566665a9db1019d091_<http://www.nytimes.com/movies/movie/92769/The-Gay-Sisters/overview>,The Gay Sisters,Irving Rapper
nodea0cdb59badf3aa746e8ebadc6feecdf_<http://www.nytimes.com/movies/movie/98484/Lady-Gangster/overview>,Lady Gangster,Robert Florey
noded0ac79491d1c4fce1860d1c4e3d6816e_<http://www.watchfreemovies.ch/watch-movies/1942/watch-lady-gangster-144050/>,Lady Gangster,Robert Florey
nodeaa13729d1ece89e785ea5cd7aaae80_<http://www.themoviedb.org/movie/23107-lady-gangster>,Lady Gangster,Robert Florey
nodefa5d21858f557b5c4c5b82b54c3f43_<http://www.imdb.com/title/tt0113114/?ref_=nm_knf_i4>,Free Willy 2: The Adventure Home,Dwight H. Little
node35ecd2319d9f66cd55a620183ca817_<http://www.imdb.com/title/tt0113114/>,Free Willy 2: The Adventure Home,Dwight H. Little
node9829978c2d2430e51d77ff72621ae3b_<http://www.imdb.com/title/tt0113114/>,Free Willy 2: The Adventure Home,Dwight H. Little
node1ad96f134098e8ebdec3ed741a921fd_<http://www.fandango.com/freewilly2:theadventurehome_32155/movieoverview>,Free Willy 2: The Adventure Home,Michael J. McAlister Dwight H. Little
nodec05e51a448f3849524b451ec898d1f9_<http://www.nytimes.com/movies/movie/134937/Free-Willy-2-The-Adventure-Home/overview>,Free Willy 2: The Adventure Home,Michael J. McAlister Conrad Palmisano Dwight Little
nodecb8ae1a143f1c6be231c17e884797e_<http://www.imdb.com/title/tt1053226/>,Brownies,Hanung Bramantyo
node309876d2a68e4deedf8b4f3d7c942c67_<http://www.redbox.com/movies/4321>,4.3.2.1.,Noel Clarke
nodeb493a549d0c82f884c6d25c9351fc73_<http://www.nytimes.com/movies/movie/461908/4-3-2-1/overview>,4.3.2.1,Mark Davis Noel Clarke
node1073626fefe142d99ee3835b0207f2e_<http://www.movieposterdb.com/poster/404977cc>,4.3.2.1,Noel Clarke
nodebc8b315ba163db243b0cf39c583a211_<http://www.movieposterdb.com/poster/b2bcc775>,4.3.2.1,Noel Clarke
node9fa914868042a436fd5f1a822b10e75d_<http://www.traileraddict.com/4-3-2-1->,4.3.2.1,Noel Clarke Mark Davis
node73a9ce28707b6f9faef2b3949f6938f_<http://www.movieposterdb.com/poster/c253a376>,4.3.2.1,Noel Clarke
node44424157d71cbc9df85beb41276e0cb_<http://www.movieposterdb.com/poster/8c5593ae>,4.3.2.1,Noel Clarke
node2735996b6ce16c462a861f9ab72a2_<http://www.movieposterdb.com/poster/f7443c1c>,4.3.2.1,Noel Clarke
nodea69da580713ed561e2bd8f5231ec673_<http://www.movieposterdb.com/poster/dca4eb75>,4.3.2.1,Noel Clarke
node5ddf495de88978b21378cba2dafad77_<http://bestkino.su/2011/02/4-3-2-1/>,4.3.2.1 смотреть онлайн,Ноэль Кларк
b0,"Taxi Driver Law Abiding Citizen Non-Stop Deadfall Whatever Works The Bling Ring The Secret Village Underworld Awakening Zodiac SPORTSKOOL - Hockey Basics JACKASS PRESENTS: BAD GRANDPA Filth Eine pornografische Beziehung Mildred Pierce Byzantium Stille Nacht - Das Weihnachtswunder Die Lincoln Verschwörung Starlet Wreck-It Ralph The Armstrong Lie Rear Window Sense and Sensibility Charlie Rose - Charlie Rose Brain Series 2 Episode 1 (November 3, 2011) 4.3.2.1. Blind Horizon 30 Minutes Or Less The Man From Earth Chicken Run - Hennen rennen The Sapphires Identity Thief White Zombie Indian Porn Videos Nowhere Boy Hoosiers Swing Time The Da Vinci Code Sherlock Holmes: A Game Of Shadows Insidious American Outlaws Twenty Bucks The Other Guys Oslo, August 31st Grossstadtklein Enemy Of The State Snow White: A Tale of Terror Indian Sex Videos Predators Kick-Ass Eine Dunkle Begierde The Long Goodbye Rounders Tinker Tailor Soldier Spy Little Miss Sunshine Hideaway Bandits The Jungle Book - Animated (1967) Chocolat Alex Cross Für eine Handvoll Dollar Veronica Mars The Mortal Instruments: City of Bones Cry Of The Banshee Leap Year Kindsköpfe 2 A Royal Affair (English Subtitled) National Treasure: Book Of Secrets Justin and the Knights of Valour Paranorman The Appearing You're Rejected 50/50 The Battery Gosford Park 009 Re: Cyborg A Burning Hot Summer (English Subtitled) Monty Python And The Holy Grail The Little Vampire Anchorman 2: The Legend Continues Die Kleinen Superstrolche Retten Den Tag Love Wrecked King of New York",b3 b2 b4 b5
node389db7e7f67deca9188a87dd93143f5_<http://www.imdb.com/title/tt0120746/?ref_=nm_flmg_eddp_1>,The Mask of Zorro,Martin Campbell
node1da48b61cb7be8453ed4bdd18f838079_<http://www.apunkachoice.com/titles/the/the-mask-of-zorro/mid_25701/fanclub/>,The Mask of Zorro,http://www.apunkachoice.com/names/mar/martin_campbell/cid_74151/
node2c78f98c1bb6c57043f8d8a165b4ca2_<http://www.filmesdetv.com/the-mask-of-zorro.html>,The Mask of Zorro,Martin Campbell
nodea62fbf2e83b862eb30c398d6fc9ceaa1_<http://www.movieposterdb.com/movie/0120746/The-Mask-Of-Zorro.html>,The Mask Of Zorro,Martin Campbell
node4fe82aa1b7c615b4e0985b2f857071ae_<http://www.hollywood.com/movies/166270/the-mask-of-zorro>,The Mask of Zorro,Glenn Randall Jr. Martin Campbell
node3316da1af6c774dcc7927f78b2b1cd3f_<http://www.imdb.com/title/tt0120746/?ref_=nm_knf_i1>,The Mask of Zorro,Martin Campbell
node33b08d75fbc4e190aa48e6e6185dbb57_<http://www.guidafilm.com/the-mask-of-zorro.html>,The Mask of Zorro,Martin Campbell
node9791727a46de41a8955f9829a985b19_<http://www.imdb.com/title/tt0120746/>,The Mask of Zorro,Martin Campbell
node234353c2b453a4c4836abc124a3c79ac_<http://www.imdb.com/title/tt0120746/>,The Mask of Zorro,Martin Campbell
nodedc96fcbffa2bf6f16f7d948c96551ff_<http://www.imdb.com/title/tt0120746/>,The Mask of Zorro,Martin Campbell
node9e8a2aca618ed85bf2eafb9a329209f_<http://www.movieposterdb.com/poster/a6c54fb5>,The Mask Of Zorro,Martin Campbell
node328b0142f34272a4b50b80a97e50c1_<http://www.imdb.com/title/tt0120746/?ref_=nm_flmg_spl_12>,The Mask of Zorro,Martin Campbell
node40c81d5e8e444028e23bd99c4f4f3fa2_<http://www.apunkachoice.com/titles/the/the-mask-of-zorro/mid_25701/>,The Mask of Zorro,http://www.apunkachoice.com/names/mar/martin_campbell/cid_74151/
node6455525d66a5a57de3a7d5b913f9d9e_<http://www.metacritic.com/movie/the-mask-of-zorro?recent-sort=userscore>,The Mask of Zorro,Martin Campbell
node5061eacfb01ced919d83d31f929732f6_<http://www.imdb.com/title/tt0120746/?ref_=nm_flmg_vsl_1>,The Mask of Zorro,Martin Campbell
node29bd852abd58c2b21a70f1acae71f093_<http://www.movieposterdb.com/poster/ed4d7d42>,The Mask Of Zorro,Martin Campbell
node8de98fb7dbbe22aa9660df74b1facdd_<http://www.fulltv.com.ar/peliculas/la-mascara-del-zorro.html>,The Mask of Zorro,Martin Campbell
node2630d61ea4f09575c1fa18448e831e2_<http://www.fulltvfilms.com/the-mask-of-zorro.html>,The Mask of Zorro,Martin Campbell
node41d2eb163d2b534ade7a2087ea5aa6_<http://www.traileraddict.com/mask-of-zorro>,The Mask of Zorro,Martin Campbell
nodee1aead416fe74f23b8b1d48e44f058_<http://www.traileraddict.com/mask-of-zorro>,The Mask of Zorro,Martin Campbell
node64f4ed75c097106c2612e14c9a6f11b_<http://www.traileraddict.com/mask-of-zorro>,The Mask of Zorro,Martin Campbell
node9b62b7984b2e3ddc157996e4bd0b_<http://www.the-numbers.com/movie/Mask-of-Zorro>,The Mask of Zorro,Martin Campbell
node1d42ba7c911498a11e4d8debd1e3dcb0_<http://www.subs4movies.com/movie-subtitles/the-mask-of-zorro-1998/s4md3eba0905/Greek>,The Mask of Zorro (1998),Martin Campbell
node7a1de6f3c86beba4bd94d6a51143d8_<http://www.imdb.com/title/tt0059950/>,"""El Zorro cabalga otra vez"" (original title) Behind the Mask of Zorro",Ricardo Blasco
b0,"In America Goldfinger Haunter Way Down East Willkommen bei den Sch'tis Rampart I Am Love Bad Lieutenant: Port of Call New Orleans Chasing Papi The SpongeBob SquarePants Movie Sanctum Deception To właśnie przyjaźń - Dostana *2008* [DVDRip.XviD-BlueBerry] [Lektor PL] Movin' In Friends With Benefits Tyler Perry's Why Did I Get Married Too? Philomena Doubt Water For Elephants Wrangler Grindhouse: Planet Terror Now You See Me Freelancers Seven Days in May Sound of My Voice 11/4/08 Wir waren Helden Horrible Bosses HappyThankYouMorePlease How the Rhino Got His Skin/How the Camel Got His Hump, Told by Jack Nicholson; Music-Bobby McFerrin The Words Frozen (Plus Bonus Features) House of the Devil Nędzne psy - Straw Dogs *2011* [DVDRip.XviD] [Lektor PL] The Sapphires Please Don't Eat the Daisies Pillow Talk Hot Fuzz The Mask Of Zorro The Rugrats Movie Winnie the Pooh (2011) The Devil in Me Edward Scissorhands The Angels' Share Shattered Glass Unthinkable 11.6 (French with English Subtitles) Roberta Woodstock: 3 Days of Peace and Music Director's Cut Mud First Knight Sister Helen The Importance of Being Earnest The September Issue Jaws: The Revenge Kundalini Yoga and Meditation for Women with Akal Khalsa All the Pretty Horses The Secret of Kells Mary Poppins Niam: Jali of the Kora (K-12/Public Library/Community Group) Chaos Prince Of Persia - The Sands Of Time Killer Elite Vicky Cristina Barcelona Jonah Hex Broken Arrow (1950) The Pirates! In an Adventure with Scientists! Brothers on the Line The Campaign (2012) MADE IN AMERICA The Whole Nine Yards Hello I Must Be Going Silent House The Robe Hackers The Wrestler 92Y-Carl Reiner (February 9, 2006) Island The Illusionist Killer Joe Jeune Et Jolie (Young And Beautiful) Now You See Me (Extended Cut) Farmageddon Der Chaos-Dad How the Grinch Stole Christmas!/Horton Hears a Who Bill &amp; Ted's Bogus Journey Angus, Thongs and Perfect Snogging Red 2 Sappho Rocky Couchgeflüster - Die erste therapeutische Liebeskomödie Ostatnia śmierć - La Ultima Muerte *2012* [DVDRip] [XviD-MORS] [Lektor PL] That Awkward Moment No Strings Attached White dog Little Rascals",b3 b2 b4 b5
node768632a433a05de3e73e213aa71961b0_<http://www.hollywood.com/movies/55664726/aya>,Aya,Solrun Hoaas
node381a1e4371c4beba8ff8414cd6b4932_<http://www.nytimes.com/movies/movie/461444/Aya-de-Yopougon/overview>,Aya de Yopougon,Marguerite Abouet Clément Oubrerie
nodebbbd595a6462acfb09895edae25b1ba_<http://www.fulltv.tv/movies/aya-de-yopougon.html>,Aya de Yopougon,Marguerite Abouet and Clement Oubrerie
nodea54ed676bc7c4aa336ee9625094731_<http://www.fulltvfilms.com/aya-de-yopougon.html>,Aya de Yopougon,Marguerite Abouet et Clement Oubrerie
nodec4f83242dbfcc532972e70d5ae5dcf4f_<http://www.apunkachoice.com/titles/aya/aya-sawan-jhoom-ke/mid_1667/>,Aya Sawan Jhoom Ke,http://www.apunkachoice.com/names/rag/raghunath_jhalani/cid_3546/
nodeb26cfba3117b8f505c854c9186302db2_<http://www.allocine.fr/film/fichefilm_gen_cfilm=194895.html>,Aya de Yopougon,Marguerite Abouet Clément Oubrerie
node1ac591500becd79c919f86435f53b2e_<http://www.bcdb.com/cartoon-characters/137517-Aya_de_Yopougon>,Aya de Yopougon,Marguerite Abouet Clï¿½ment Oubrerie
nodef4ddf0a2f9fa39c83f2b9f8692c5d78_<http://www.bcdb.com/cartoon/137517-Aya_de_Yopougon>,Aya de Yopougon,Clï¿½ment Oubrerie
node80dfb73f55d81d3fee8b42fa8c9b8a3_<http://twomovies.us/watch_movie/Aya_Sawan_Jhoom_Ke>,Watch Aya Sawan Jhoom Ke movie online for free,http://twomovies.us/actor_director/Raghunath_Jhalani
node5abc4a224b3e96e26a828273ee8858e_<http://www.imdb.com/title/tt0317056/>,"""Adimai Penn"" (original title) Slave Women",K. Shankar
node278d322bec971e77df72793e80939f72_<http://www.nytimes.com/movies/movie/433577/China-O-Brien-II/overview>,China O'Brien II,Robert Clouse
node5b4db37b489795d22f77b6f467fb5fa_<http://www.imdb.com/title/tt0073631/>,Rollerball,Norman Jewison
node6a258ccc7fa435d98e8db90aa9c2568_<http://shotonwhat.com/sound-systems/4-track-stereo-sound-systems>,Rollerball,Norman Jewison
node3e3d460ad7ba3620d41d634aa8aa21_<http://www.nytimes.com/movies/movie/41954/Rollerball/overview>,Rollerball,Norman Jewison
nodeead75638d56dacc63a6223796cf33_<http://www.allocine.fr/film/fichefilm_gen_cfilm=26854.html>,Rollerball,John McTiernan
node4c7a546d864022cc4c6dc4329a5952_<http://www.interfilmes.com/filme_14362_Rollerball-(Rollerball).html>,Rollerball,John McTiernan
node70851b47549e671267f368ef8607bb_<http://www.hollywood.com/movies/231101/rollerball>,Rollerball,Norman Jewison
nodeeeed93f9f66ad2c19f61d5d85bf491d_<http://www.movieposterdb.com/movie/0246894/Rollerball.html>,Rollerball,John McTiernan
nodec5f68dfd3e36bd8eb5bfcfae13f1dff_<http://www.imdb.com/title/tt0246894/?ref_=nm_flmg_msc_5>,Rollerball,John McTiernan
node1fc8c09f25548e6b1b35fc2379abfad_<http://www.movieposterdb.com/poster/301d486c>,Rollerball,Norman Jewison
nodee7b2b0e0a3ca95ba1cb9bfb08573235_<http://www.imdb.com/title/tt0246894/?ref_=nm_flmg_act_16>,Rollerball,John McTiernan
node23941243707c74689bf2ebd1859ae728_<http://www.movieposterdb.com/poster/4fb6602d>,Rollerball,Norman Jewison
nodee85e910e1c3fd14ed28eab7f5f32eea_<http://www.hollywood.com/movies/377078/rollerball>,Rollerball,John McTiernan
nodeba13c50de5efa711ded1d18adb2c3df_<http://www.movieposterdb.com/movie/0073631/Rollerball.html>,Rollerball,Norman Jewison
nodee0cbb2b2e60629da7ff2fca2fe1e7_<http://www.movieposterdb.com/poster/e2eeae04>,Rollerball,John McTiernan
node775b95bce4a4d5697fa2ddf26a7dfd9_<http://www.imdb.com/title/tt0246894/>,Rollerball,John McTiernan
nodec1e1c6b5be49774953397662f51d2a71_<http://www.imdb.com/title/tt0246894/>,Rollerball,John McTiernan
nodeaa198ce722ede755c97fbea18bbe7c2a_<http://www.rogerebert.com/reviews/rollerball-2002>,Rollerball (2002),John McTiernan
node64061764e227b4e99645d4dc4c6a9e6_<http://www.the-numbers.com/movie/Rollerball-(1975)>,Rollerball (1975),Norman Jewison
node37b583862ce85eb3d2e7de36ac5f3087_<http://www.imdb.com/title/tt0074252/>,"Ugly, Dirty and Bad ""Brutti, sporchi e cattivi"" (original title)",Ettore Scola
node77f695ed1347cf4b85e89f87bbb374dd_<http://www.imdb.com/title/tt0074252/>,"Ugly, Dirty and Bad ""Brutti, sporchi e cattivi"" (original title)",Ettore Scola
